ร้าน	2053
อร่อย	836
ทาน	637
กิน	622
ดี	588
อาหาร	551
รสชาติ	530
เมนู	495
สั่ง	494
ผม	482
ราคา	443
คน	415
บาท	396
ชอบ	366
ลอง	339
เนื้อ	306
หมู	290
จาน	266
ดู	266
เค้า	264
สำหรับ	242
ปลา	241
น้ำ	222
หวาน	221
รส	214
นั่ง	205
แนะนำ	202
โต๊ะ	200
ทอด	197
บรรยากาศ	196
เลือก	188
เหมือน	186
นะคะ	181
กุ้ง	171
สาขา	166
แพง	165
ใส่	160
ชิ้น	159
เค้ก	156
ที่นี่	155
บริการ	153
นุ่ม	150
กก	145
ผัด	140
ย่าง	138
หน้า	135
หอม	129
เพื่อน	127
ซุป	124
เส้น	123
ทำ	122
ขาย	120
ซอส	120
ไก่	119
สด	117
ตัว	115
แล้วก็	115
พนักงาน	114
ซอย	113
ข้าว	113
รอ	111
กรอบ	110
ชิม	107
ร้านอาหาร	106
ไข่	106
เดิน	104
ใช้ได้	103
ราด	101
ก๋วยเตี๋ยว	101
เย็น	100
เวลา	99
สรุป	98
ไทย	97
รู้สึก	97
รู้	97
บอ	97
น้ำจิ้ม	96
ลูกค้า	94
เข้าไป	93
ร้อน	91
จอด	90
แวะ	90
อ่ะ	87
โอเค	85
ญี่ปุ่น	85
หา	82
เหมือนกัน	82
เจอ	81
เผ็ด	81
ผัก	80
ธรรมดา	80
บ้าน	79
ชาด	79
ปู	79
แถว	78
เข้มข้น	77
หอย	76
ที่นั่ง	75
น่ารัก	74
ไอศครีม	74
โดยรวม	73
เครื่องดื่ม	73
อันนี้	73
ชา	72
เป็ด	72
ซื้อ	70
กำลังดี	70
ดาว	69
กาแฟ	68
ถนน	68
ขนาด	68
เรื่อง	68
อิ่ม	68
เต็ม	68
ชีส	67
ชื่อ	67
ดีกว่า	66
เปรี้ยว	65
ของหวาน	65
ตอน	64
สอง	64
ซัก	64
รีวิว	64
ริ	63
ตกแต่ง	63
ดีมาก	63
สไตล์	63
ไม่ต้อง	63
ทั่วไป	63
ส้มตำ	63
เกินไป	62
รถ	62
บะหมี่	62
นึง	61
มาจาก	61
ห้อง	60
รูป	60
แถม	60
เค็ม	60
สลัด	60
ชาเขียว	59
แป้ง	58
ติด	58
ต้มยำ	58
คุ้ม	58
แปลก	57
ยำ	57
ชั้น	56
เสิร์ฟ	56
เหนียว	56
ส่วนตัว	56
ปลาหมึก	56
นิดนึง	56
ยังมี	56
ครีม	55
หลากหลาย	55
เครื่อง	54
คะแนน	54
ข้าวผัด	53
ประทับใจ	52
กลิ่น	52
เกี๊ยว	52
ปกติ	52
รี่	52
เด็ด	51
มะนาว	51
แก้ว	50
นม	50
ความคิดเห็น	50
คุณภาพ	49
แอร์	49
แอบ	49
ชุด	49
ชาม	48
ปริมาณ	48
พริก	47
เจ้าของร้าน	47
ปิ้ง	47
ขนมปัง	47
เลี่ยน	47
ที่จอดรถ	47
กระ	46
อย่า	45
พิเศษ	45
คู่	45
ไอศกรีม	45
สูตร	44
คิว	44
เด็ก	44
เห็ด	44
โซน	44
ที่มา	43
สวย	43
ป้าย	43
เทียบ	43
ออกมา	43
แห้ง	43
ปี	43
กลมกล่อม	43
ซี	43
พิซซ่า	43
ถ้วย	43
เดินทาง	42
ตรงข้าม	42
โรงแรม	42
หิว	42
ลา	42
ชาบู	42
ลัก	42
กี้	42
เส	41
นิ่ม	41
มื้อ	41
แบบนี้	41
สเต็ก	41
ฟ	40
ฝั่ง	40
ขนมจีน	40
แน่น	40
ตั้งอยู่	39
ลูกชิ้น	39
ห้าง	39
กระเทียม	39
น้ำปลา	39
กร้าน	38
สี	38
กะ	38
ทอง	38
หัว	38
แดง	38
ขนม	38
น	38
สปา	38
วาง	37
เนย	37
เผา	37
ผสม	36
เล่น	36
แน่นอน	36
ผิดหวัง	36
แยก	36
ที่จะ	36
สั่งอาหาร	36
ถาม	36
เหมาะกับ	36
แซลมอน	36
ติดใจ	35
เนื้อหมู	35
ครึ่ง	35
อบ	35
ลืม	35
ริมถนน	35
นึ่ง	35
ว	34
กลับบ้าน	34
อยู่แล้ว	34
จิ้ม	34
รา	34
ถั่ว	34
นิ	34
ต้ม	33
สุก	33
ตัก	33
ชิ	33
สะอาด	33
มาตรฐาน	33
ยา	33
อีสาน	33
กิ	33
ไส้	33
แซ่บ	33
เข้ามา	32
โดยเฉพาะ	32
ล่ะ	32
กระดูก	32
สวน	32
ฝรั่ง	32
ผลไม้	32
ดำ	32
ข้าวมันไก่	32
ด้านใน	32
แกะ	32
อา	31
เหมาะ	31
จ่าย	31
เท	31
เม	31
น้อง	31
กี่	31
ไอติม	31
หมูกรอบ	31
ห่อ	30
ที่อยู่	30
ตุ๋น	30
ลูก	30
น่ากิน	30
คอ	30
หลายอย่าง	30
แนว	30
เข้ากัน	30
ข้าวห่อ	30
ทะเล	30
ฟรี	29
เมือง	29
สาม	29
พลาด	29
สัก	29
แฮม	29
โอ	29
ถูกใจ	29
โมง	29
ซูชิ	29
จืด	29
แล้	28
อี	28
มีโอกาส	28
กลางๆ	28
ดื่ม	28
คนเดียว	28
กลับมา	28
ปาก	28
ปรุง	28
ตอนนี้	28
ข้น	28
ใส	27
พี่	27
ได้ดี	27
หนา	27
เซ	27
ๆๆ	27
ค่า	27
สุดท้าย	26
หน้าตา	26
ลวก	26
หล่อ	26
ตก	26
น้ำยา	26
ย่าน	25
วจะ	25
ระดับ	25
รอบ	25
มาถึง	25
บริเวณ	25
ล	25
เงิน	25
หมัก	25
ด้านนอก	25
ประจำ	25
ไม้	25
ราดหน้า	25
หลัก	24
คล้ายๆ	24
งาน	24
เบียร์	24
เนื้อวัว	24
หนัง	24
หิน	24
ฮ่า	24
คุย	24
ส	24
โดน	24
ร้านกาแฟ	24
กลาง	24
ม	24
ท่าน	24
วันที่	24
กา	24
อะ	23
อาหารจีน	23
ถึงกับ	23
ขับรถ	23
กล่อง	23
บุฟเฟ่ต์	23
เครป	23
อ่อน	23
รู้จัก	23
กินกัน	23
ร้า	23
แม่	23
เด่น	23
ผง	23
เม็ด	23
ไก่ทอด	23
ตา	23
เคี้ยว	23
หมูสับ	23
ขนมจีบ	23
จีน	22
ถ่ายรูป	22
จา	22
เหมาะสำหรับ	22
เจ้า	22
เติม	22
ตำ	22
ขับ	22
จัดจ้าน	22
ข้างใน	22
ลองดู	22
ใด	22
อีกด้วย	22
แน่ใจ	22
ครอบครัว	22
ดูแล	22
แข็ง	22
คา	22
ฟู๊ด	22
ที่ตั้ง	22
น้ำมัน	21
สะดวก	21
กลัว	21
สี่	21
น้ำตาล	21
คนละ	21
ฟัง	21
ข้าม	21
หม้อ	21
ลักษณะ	21
สุกี้	21
ซ่า	21
ตอนแรก	21
โทร	21
ง	21
นึก	21
สตอ	21
เบอร์	21
ฟู้ด	21
บุ	21
ช็อคโกแลต	21
พง	21
โจ๊ก	21
ลาบ	20
สาย	20
สะพาน	20
ป	20
สยาม	20
สิ	20
วิว	20
ต่อไป	20
เสียดาย	20
ให้ได้	20
อากาศ	20
น้ำแข็ง	20
ออ	20
สวยงาม	20
ย	20
เบอ	20
โค	20
งา	20
ซี่โครง	20
อีกครั้ง	20
พูดถึง	20
โก	20
ต	20
เก็ตตี้	20
แกง	20
หนัก	20
ชม	19
แบ่ง	19
จุ่ม	19
งง	19
เตา	19
จิ	19
กินที่	19
สิบ	19
เยี่ยม	19
ปลาดิบ	19
ขม	19
เดิม	19
ประเภท	19
แทบ	19
โรย	19
อาหารจานเดียว	19
ไส้กรอก	19
กะหรี่	19
ป้า	19
เที่ยง	19
ขออภัย	19
ขนมหวาน	18
ซ้ายมือ	18
จุดเด่น	18
ชุ่ม	18
ครั้งแรก	18
ปากซอย	18
สังเกต	18
ได้ยิน	18
ใจ	18
คับ	18
ปั่น	18
ชั่วโมง	18
ลงตัว	18
พระราม	18
แน่ๆ	18
ขาว	18
ตอนที่	18
กับข้าว	18
นา	18
อ	18
ส้ม	18
โท	18
สม	18
น้ำสลัด	18
เบคอน	18
แล	18
ทานอาหาร	18
จอง	18
เก	18
ซา	18
บุฟเฟต์	18
แย่	18
หม้อไฟ	17
เหล้า	17
เขียว	17
อารมณ์	17
ทุ่ม	17
กระจก	17
โกโก้	17
ชวน	17
เก้าอี้	17
เดือน	17
เพลง	17
ใบ	17
กลางวัน	17
สดๆ	17
อม	17
อุด้ง	17
นาที	17
ท้อง	17
ก้อน	17
ชนิด	17
ลด	17
ทำงาน	17
มะพร้าว	17
สร้าง	17
เลี้ยว	16
คัพ	16
หาไม่	16
ใจดี	16
แฟน	16
ริม	16
ช็อกโกแลต	16
ถ่าย	16
เบา	16
เก๋	16
ไม่งั้น	16
ทา	16
นอ	16
ก้อ	16
รัก	16
อ่าน	16
วัด	16
ลิ้น	16
จำได้	16
เกลือ	16
สุขุมวิท	16
อาหารทะเล	16
หอ	16
กรุงเทพ	16
แน่	16
ไก่ย่าง	16
เด	16
แสน	16
เย็นตาโฟ	16
เข้ม	16
ก๋วยจั๊บ	16
ข้อความ	16
ส่วนบุคคล	16
ความไม่พอใจ	16
ปลาทู	16
ถูกปาก	16
ซ้ำ	15
ต้น	15
สงสัย	15
พอได้	15
ดอง	15
ของกิน	15
รถไฟฟ้า	15
ร้อย	15
กระทะ	15
เนื้อสัตว์	15
เบเกอรี่	15
ประ	15
พัก	15
คนไทย	15
บ่าย	15
รสจัด	15
เซ็ต	15
เหมือนเดิม	15
ลาดพร้าว	15
มีรส	15
ซะงั้น	15
อาทิตย์	15
โดดเด่น	15
ดนตรี	15
กล้วย	15
ครัว	15
ขึ้นชื่อ	15
พริกไทย	15
ขวด	15
ข้าวเหนียว	15
แซ	15
แผ่น	15
มั้ง	15
บด	15
เค	15
รายการ	15
ตับ	15
นคะ	15
เพลิน	15
ท	15
ซัลมอน	15
เก่า	14
ชัดเจน	14
อ้อ	14
แถวๆ	14
รีย์	14
ตึก	14
แต่ง	14
เดี๋ยว	14
ควัน	14
ที่ทาง	14
ละลาย	14
อิอิ	14
ติ	14
ชุบ	14
ซีอิ๊ว	14
บางคน	14
ตัด	14
ยืน	14
ด้านบน	14
เสาร์	14
เป็นกันเอง	14
หรือว่า	14
ข้าวหมูแดง	14
ผักโขม	14
เก่าแก่	14
ขา	14
โบ	14
พัน	14
แรง	14
ตตี้	14
ด้านหน้า	14
ปลาร้า	14
น้ำตก	14
หมึก	14
ท่ี	14
ห้องน้ำ	13
เมตร	13
สุดยอด	13
แตก	13
ต่างกัน	13
เจ้าของ	13
สาว	13
ไว	13
ชิวๆ	13
สุขภาพ	13
คุ้มค่า	13
สนุก	13
ทำได้	13
แซบ	13
ข้างนอก	13
แนะ	13
ป่าว	13
คนอื่น	13
ค	13
จังหวัด	13
สัน	13
บาร์	13
ตามใจชอบ	13
แทน	13
ให้ทาน	13
หมี่	13
เย็นสบาย	13
วัตถุดิบ	13
ลม	13
เส้นหมี่	13
แกงส้ม	13
หาย	13
ลาวา	13
พาสต้า	13
สมราคา	13
อาหารเช้า	13
หั่น	13
แบ	13
วุ้นเส้น	13
ไวน์	13
ตบท้าย	13
ไหว	12
ขึ้นไป	12
เครื่องเคียง	12
โอกาส	12
จิบ	12
ฝาก	12
วงใน	12
พุดดิ้ง	12
ก	12
พื้นที่	12
แก้	12
หลังจากที่	12
ติ่มซำ	12
เนียน	12
แม่น้ำ	12
ขอให้	12
คาที่	12
เชฟ	12
อ้อม	12
มุม	12
พระ	12
นมสด	12
เลี้ยง	12
ขุน	12
ให้บริการ	12
ข้าวโพด	12
ข้าวมัน	12
รับประทาน	12
ออกจะ	12
โปรโมชั่น	12
เรือ	12
ความรู้สึก	12
หรี่	12
ข้างทาง	12
ธรรมชาติ	12
กันที่	12
มะม่วง	12
ทำอาหาร	12
ต้องการ	12
ความหวาน	12
มะเขือ	12
ละเอียด	12
รี	12
ไข่เค็ม	12
คุณแม่	12
ซาลาเปา	12
เสียง	12
น้ำเปล่า	12
เวียดนาม	12
สวัสดี	12
โบราณ	12
ไปมา	12
ตึกแถว	12
น้ำพริก	12
น้ำผึ้ง	11
เต้าหู้	11
ๆคน	11
ออกจาก	11
อยู่เลย	11
ว่าง	11
ดัน	11
ยาง	11
ตลาด	11
ธุระ	11
คนใน	11
น่าจะเป็น	11
เสียงดัง	11
ระ	11
ข้าวหน้าเป็ด	11
สะใจ	11
กรุบ	11
ความสะอาด	11
นิยม	11
สู้	11
คลุก	11
เบื่อ	11
เช้า	11
พนักงานบริการ	11
หยุด	11
อั้น	11
ปานกลาง	11
สีสัน	11
นี้แหละ	11
พัทยา	11
แตกต่าง	11
ถาด	11
ฝากท้อง	11
ที่สอง	11
อึดอัด	11
เซ็ท	11
แฮะ	11
ศูนย์	11
ซอ	11
เด้ง	11
งั้น	11
เก๋า	11
ด	11
ช่าง	11
สถานี	11
โชว์	11
อิตาเลียน	11
เอกมัย	11
ไปดู	11
ดังนี้	11
ช๊อค	11
ประตู	11
เริ่มต้น	11
ข้าวแกง	11
฿	11
กะทิ	11
คอย	11
ไซส์	11
เนื้อไก่	11
เจ	11
นึกถึง	11
เกล็ด	11
นะจ๊ะ	11
ไข่ปลา	11
มมาก	11
โรงอาหาร	11
บอมบ์	11
คาว	10
ชื่อดัง	10
ติดกับ	10
พัฒนาการ	10
ช่อง	10
ไข่มุก	10
เข้ากับ	10
โพน	10
พาย	10
น่อง	10
โรงเรียน	10
หมูแดง	10
สนใจ	10
บัง	10
หลายชนิด	10
ดูด	10
คลอง	10
ก้วย	10
ทางเข้า	10
รึเปล่า	10
ลิ้มลอง	10
วัง	10
โยเกิร์ต	10
เลิศ	10
อีกที	10
เกาหลี	10
ออฟ	10
นวลจันทร์	10
ด้านหลัง	10
ขนาดใหญ่	10
โดนใจ	10
วิ่ง	10
ปลาไหล	10
สักหน่อย	10
ลุง	10
รีบ	10
เอาใจ	10
เป็นพิเศษ	10
ปีก	10
โปรด	10
ได้มาตรฐาน	10
สับ	10
หยิบ	10
ทีเด็ด	10
ชิล	10
สี่แยก	10
ปล	10
รอง	10
ตอนนั้น	10
น่าเสียดาย	10
บดี	10
ซิ	10
เยาวราช	10
ริฟ์	10
ตัวเอง	10
ดังนั้น	10
กลิ่นหอม	10
รายการอาหาร	10
ฟเฟ่	10
ร	10
สถานที่	10
ปุระ	10
ไข่เจียว	10
ของคาว	10
เออ	9
ทอดมัน	9
รุ่น	9
แช่	9
เดินผ่าน	9
สว่าง	9
สดใส	9
ซด	9
ลาย	9
โดนัท	9
แออัด	9
ธรรมดาๆ	9
ไปหา	9
โป	9
จุด	9
สมุนไพร	9
เรย	9
ฮื่อ	9
แทบจะ	9
บวก	9
เพียบ	9
ไปเที่ยว	9
พญาไท	9
เซ็นทรัล	9
มาน	9
เหม็น	9
หรู	9
เชลล์	9
กะทะ	9
เต็มที่	9
ฝรั่งเศส	9
มดี	9
เท่านั้นเอง	9
ดีแต่	9
เตรียม	9
มืด	9
คาราโอเกะ	9
จันทร์	9
บางอย่าง	9
เกี้ยว	9
เย	9
โซดา	9
อิตาเลี่ยน	9
แจ่ว	9
ร่า	9
ติดแอร์	9
ดิบ	9
ผักบุ้ง	9
รวมมิตร	9
ช๊อกโกแลต	9
โซ	9
ฮา	9
กด	9
โถ	9
เป็นน้ำ	9
ผ่า	9
คุ	9
สาหร่าย	9
บรา	9
แปล	9
ชื่อว่า	9
พอใช้ได้	9
คิดเงิน	9
อีกแล้ว	9
แฉะ	9
หรอก	9
กินข้าว	9
เทพ	9
แท้ๆ	9
นักกิน	9
ปอนด์	9
ฟูจิ	9
ส่ัง	9
พะโล้	9
หากิน	8
เจียว	8
ปอเปี๊ยะ	8
วันเกิด	8
ฮิ	8
ถึงใจ	8
ขวา	8
ซ้าย	8
วา	8
ลาเต้	8
แพ้	8
เดินเล่น	8
เหมือนกับ	8
เริ่ด	8
โฆษณา	8
แบน	8
แทรก	8
เละ	8
น้ำชา	8
ห้า	8
จบ	8
เรียน	8
ผู้จัดการ	8
ให้คะแนน	8
ดิชั้น	8
ซาบะ	8
โมจิ	8
โออิชิ	8
ลาน	8
กรุงเทพฯ	8
เนอะ	8
ฮะ	8
คาเฟ่	8
เกร็ด	8
โปะ	8
หนี	8
เนื้อที่	8
ปน	8
นำ้	8
วันหยุด	8
ปรับปรุง	8
มีส่วน	8
เสต็ก	8
แย่มาก	8
ท่า	8
โทน	8
สอบถาม	8
ดั้งเดิม	8
จำนวน	8
ขนาดเล็ก	8
ทานข้าว	8
แปลกใจ	8
วานิลลา	8
ไท	8
บ๊วย	8
เลี้ยวซ้าย	8
คาราเมล	8
คนรัก	8
ช้อน	8
โน	8
มิยา	8
แสง	8
เชียว	8
สะดุดตา	8
ย้ำ	8
ไขมัน	8
หัก	8
น้ำแกง	8
ตะไคร้	8
ไหม	8
ใส้	8
บ่น	8
ป่า	8
ลอย	8
กัด	8
เกาเหลา	8
แหนม	8
มิตร	8
เทียน	8
สังสรรค์	8
ที่อื่น	8
ทีวี	8
รถเมล์	8
อ้วน	8
มีชื่อ	8
โลก	8
เอ็ม	8
เจ๊	8
เหลือง	7
กุนเชียง	7
ส่วนผสม	7
เปิดร้าน	7
ข้าวต้ม	7
มาหา	7
ต้นไม้	7
วิป	7
ภาพ	7
ยี่ห้อ	7
บ	7
เว็บ	7
รบกวน	7
แกล้ม	7
ห	7
เพ่	7
ห้าม	7
ชื่น	7
ประจักษ์	7
ฮ่องกง	7
แชร์	7
เก่าๆ	7
ของโปรด	7
เยิ้ม	7
หก	7
แกงเขียวหวาน	7
วิ	7
วาซาบิ	7
เอาไว้	7
ทูน่า	7
ระหว่างทาง	7
ชะ	7
หนุ่ม	7
น่าเชื่อ	7
ประเทศ	7
ยิ้มแย้ม	7
โล	7
ออเดอร์	7
หิมะ	7
โย	7
โล่ง	7
หลง	7
ตี	7
ว่าที่	7
คาดหวัง	7
เรียบร้อย	7
วุ่นวาย	7
คู่รัก	7
ต่อมา	7
การันตี	7
ตรงนี้	7
ซี่	7
เหลา	7
แถบ	7
อ่อนนุช	7
เครื่องใน	7
เชียงใหม่	7
บุญ	7
ทำเป็น	7
เส้นใหญ่	7
กลม	7
เก่ง	7
กลายเป็น	7
รับลม	7
ยู	7
ลงมา	7
เครื่องเทศ	7
น้องๆ	7
ภูเก็ต	7
อัธยาศัย	7
ข้าวสวย	7
ได้ใจ	7
โต้	7
ชื่นชอบ	7
หมู่บ้าน	7
กรอ	7
ชี	7
พื้น	7
ลี่	7
กลาส	7
เมี่ยง	7
ราคาแพง	7
ข้อเสีย	7
กะพง	7
หอยนางรม	7
นี	7
ใจมา	7
น้อยลง	7
มันฝรั่ง	7
ลื่น	7
หลายครั้ง	7
บะ	7
สุภาพ	7
สัง	7
เกตุ	7
ยังกะ	7
ร่มรื่น	7
ทรงเครื่อง	7
แปด	7
บร	7
ศ	7
ทราบ	7
ตู้	7
ลัง	7
โดยส่วนตัว	7
ปรุงรส	7
สไลด์	7
บางนา	7
ตลาดน้ำ	7
โรงพยาบาล	7
บิ	7
ตั้งใจ	7
เพชรบุรี	7
น้ำผลไม้	7
ห้องอาหาร	7
อูด้ง	7
หรับ	7
เจริญ	7
รูปแบบ	6
เอกลักษณ์	6
เอ๊ะ	6
สีชมพู	6
ดึก	6
ตัง	6
ถึงที่	6
แห	6
น้ำส้ม	6
จุก	6
แหล่ง	6
วันก่อน	6
แค	6
เดา	6
จัดวาง	6
ลำบาก	6
กับแกล้ม	6
เลิกงาน	6
ความชอบ	6
วิธี	6
เค๊ก	6
ชื่นใจ	6
โรบินสัน	6
มึน	6
ห่าง	6
มละ	6
ทั้งสอง	6
ริมแม่น้ำ	6
อันดับ	6
ไฟ	6
แต่ยังไง	6
วัย	6
เป็นหนึ่ง	6
ยุ	6
ปิดท้าย	6
บัตร	6
แยม	6
บลู	6
จิง	6
คาด	6
อำ	6
ต้องหา	6
บ้า	6
แจก	6
พารากอน	6
สนาม	6
รายละเอียด	6
ล่วงหน้า	6
ทับทิม	6
วน	6
ทั้งวัน	6
อลังการ	6
อิ	6
พ้น	6
ผัดไทย	6
สำลี	6
คอนโด	6
ดึงดูด	6
แมลงภู่	6
ทั่วๆ	6
รสเด็ด	6
โทรม	6
ข้างน้อย	6
เรียง	6
ปัน	6
ย้าย	6
บ่ายโมง	6
เหนือ	6
ยาม	6
ต้มยำกุ้ง	6
ตอนดึก	6
ปราก	6
ฎ	6
เสริม	6
ยะ	6
อะนะ	6
ตอนเย็น	6
เหงา	6
กี	6
ความสด	6
แอปเปิ้ล	6
ต่ำ	6
เวิร์ค	6
โฮ	6
ๆๆๆ	6
วานิลา	6
ปักกิ่ง	6
เท่	6
เผือก	6
ผัดฉ่า	6
ควรจะ	6
พ	6
ได้กลิ่น	6
ฟิวชั่น	6
ศรี	6
มาม่า	6
ไทยดำ	6
แขก	6
โบก	6
เที่ยว	6
เหอๆ	6
ใช้เวลา	6
โดยประมาณ	6
รุ	6
รู	6
เพรา	6
ข้าวปั้น	6
ปูอัด	6
ศุกร์	6
มหา	6
เคียง	6
คนญี่ปุ่น	6
โวย	6
ผู้ชาย	6
ชิ้นๆ	6
ผับ	6
ประทับ	6
สีแดง	6
เสาวรส	6
อด	6
สึก	6
แดดเดียว	6
พอประมาณ	6
ยุง	6
สต	6
เดี่ยว	6
เอาใจใส่	6
มะขาม	6
แกงเลียง	6
ตกใจ	6
กระเพาะปลา	6
ชาวต่างชาติ	6
นั้นแหละ	6
เครื่องแกง	6
มองหา	6
หัวมุม	6
เนือง	6
ลึก	6
อ่อ	6
ยอดฮิต	6
โกะ	6
ข้อ	6
ร้อง	6
มะ	6
อล	6
ทุ	6
น้ำอัดลม	6
เปล่า	6
ทางออก	6
คุณพ่อ	6
ถัง	6
รถเข็น	6
เหมาะสม	6
นั่งเล่น	6
เฟรนซ์ฟ	6
ผู้ใหญ่	6
เกริ่น	6
คุณภาพดี	6
ทั่วถึง	6
มศว	6
เหลว	6
เปื่อย	6
เบ	6
สถานีรถไฟ	6
โชคดี	6
ม่อน	6
สามย่าน	6
ปลื้ม	6
บรรดา	6
เทศกาล	6
ผงชูรส	6
ไม	6
ราช	6
ร่ม	6
นวล	6
มันดี	6
ก้	6
ไอ้	6
ขิง	6
ญวน	6
มะระ	6
โคน	6
ภรรยา	6
สายพาน	6
ไข่ต้ม	5
ภัตตาคาร	5
เต๋า	5
ปูทะเล	5
หนำ	5
ให้อาหาร	5
บริษัท	5
คึกคัก	5
อุดหนุน	5
ฟัน	5
ฟังเพลง	5
ข้างหน้า	5
ล่ม	5
บังเอิญ	5
ถ้วน	5
วัยรุ่น	5
วัว	5
มุ่งหน้า	5
แสงไฟ	5
วุ้น	5
ฉ่า	5
แย่ง	5
เข้ากันได้ดี	5
สดชื่น	5
ยุค	5
เฉ	5
เหลือบ	5
เช็คบิล	5
้	5
เป็นประจำ	5
เหมือนว่า	5
ปากมาก	5
่	5
เครื่องปรุง	5
เสียเงิน	5
บีบ	5
แตงกวา	5
โซะ	5
โช	5
ต้นตำรับ	5
หิ้ว	5
มั่ง	5
มีความสุข	5
ล้างปาก	5
เขต	5
กุ	5
อาคาร	5
ผนัง	5
นครปฐม	5
ห่วง	5
ละแวก	5
ทางเลือก	5
เตาถ่าน	5
แบรนด์	5
บรรยาย	5
คัน	5
แห่	5
ข้าวหมูกรอบ	5
นิวซีแลนด์	5
ยอดเยี่ยม	5
แปะ	5
ตอนกลางวัน	5
เหนื่อย	5
เฟอร์นิเจอร์	5
าาา	5
กุ้งชุบแป้งทอด	5
ตอนบ่าย	5
ฮัน	5
ชัด	5
ฝีมือ	5
ชะอม	5
หวานเย็น	5
ซอสมะเขือเทศ	5
เบอร์เกอร์	5
ไผ่	5
อินเตอร์	5
เล็ง	5
ห้องส่วนตัว	5
ดึ๋ง	5
เข็ม	5
อยุธยา	5
ชิด	5
กาแฟสด	5
ไซ	5
เล่า	5
เ	5
เป็นเวลา	5
ชอค	5
สุ	5
ของดี	5
เป็นที่นิยม	5
ส่วนลด	5
ที่นั่น	5
หัวไชเท้า	5
ชัวร์	5
ตามมา	5
ประชา	5
นอน	5
คะน้า	5
หมูยอ	5
มะละกอ	5
เสน่ห์	5
วินาที	5
ซำ	5
หูฉลาม	5
คั่ว	5
เร	5
โปร่ง	5
เมนูหลัก	5
อึ้ง	5
สัมผัส	5
พอใช้	5
รเก็ต	5
คัตสึ	5
กระเป๋า	5
กะปิ	5
บิ๊กซี	5
ขายดี	5
เยอรมัน	5
พัฟ	5
ชั้นล่าง	5
ขวามือ	5
พูดจา	5
ไข่ไก่	5
หลาก	5
พัดลม	5
เลี้ยวขวา	5
เป้	5
เวป	5
คูปอง	5
อริ	5
ปุ๊บ	5
โซฟา	5
ราเมน	5
ค่าเสียหาย	5
เบิร์ก	5
ตัวเลือก	5
คุกกี้	5
ยิ้มแย้มแจ่มใส	5
เส้นทาง	5
ลุก	5
ดับ	5
ยื่น	5
ฉลอง	5
ค่ำ	5
ทางได้	5
เซ็ง	5
ตัวดี	5
รวมไปถึง	5
มะพร้าวอ่อน	5
ดูดี	5
เอ็น	5
ลอดช่อง	5
เฮีย	5
ตาก	5
การปรับปรุง	5
กินใน	5
สายตา	5
เอย	5
คอก	5
มหาลัย	5
สนนราคา	5
ราม	5
โอม	5
เพื่อนฝูง	5
รุ้	5
เพจ	5
หันมา	5
งาม	5
เท่าที่ควร	5
ระวัง	5
สมเหตุสมผล	5
ผู้หญิง	5
นาค	5
โก๊ะ	5
กระดูกอ่อน	5
เรียว	5
ขากลับ	5
ตัน	5
เยื้อง	5
เปน	5
โต้ะ	5
ฉะเชิงเทรา	5
โสะ	5
ปัง	5
สภาพ	5
ปลาดุก	5
เช็ค	5
แกงจืด	5
โรตี	5
หัวหอม	5
รามคำแหง	5
อาหารคาว	5
ไร้	5
ออฟฟิศ	5
ไข่เยี่ยวม้า	5
ซิดนีย์	5
เบิ้ล	4
เลิก	4
เกล้า	4
อายุ	4
เคา	4
หยก	4
น้ำพริกเผา	4
ย่อมเยา	4
เป็นหลัก	4
แป	4
ทะลุ	4
กินแถว	4
ถนัด	4
เหอะ	4
ยังอยู่	4
ทิ้ง	4
ใกล้เคียง	4
หวัง	4
เตะตา	4
แครอท	4
จรัญสนิทวงศ์	4
เหรอ	4
เหาะ	4
นิดเดียว	4
ห้องแถว	4
ประวัติ	4
ตะโกน	4
สุข	4
พุ่ง	4
ว้าว	4
เตย	4
เว่อร์	4
แว๊บ	4
ตามปกติ	4
ถุง	4
เท้า	4
ในประเทศ	4
นรสิงห์	4
พระราชวัง	4
ญาติ	4
ประหลาด	4
แหวกแนว	4
ลิ้นจี่	4
ประกอบด้วย	4
บนสุด	4
อวบ	4
เชอ	4
ปั้น	4
จิงๆ	4
ช่วงเวลา	4
นำเข้า	4
สะดวกสบาย	4
ห่อหมก	4
ซู	4
เซน	4
หรอ	4
เปิดตัว	4
ออสเตรเลีย	4
ทุกครั้งที่	4
ที่ทำงาน	4
มะเขือเทศ	4
ซัด	4
เปิบ	4
รับประกัน	4
กลิ่นคาว	4
ยักษ์	4
เข้าเนื้อ	4
ซอน	4
เป็นครั้งแรก	4
เดอะ	4
มอลล์	4
ถัดมา	4
รองรับ	4
แล้วด้วย	4
ตำลึง	4
ยอง	4
ฟุตบาท	4
เฉลี่ย	4
กลางคืน	4
กลางแจ้ง	4
ครอง	4
ธนาคาร	4
ทุกชนิด	4
อังกฤษ	4
กั้น	4
ล่อน	4
อัลมอนด์	4
คอลลาเจน	4
พัด	4
ค้า	4
น่าสนใจ	4
แข่ง	4
ท่วม	4
ผัดขี้เมา	4
ยิ้ม	4
อบอุ่น	4
แม่มด	4
ความเป็นส่วนตัว	4
อัด	4
ลิ	4
เร่ง	4
อิตาลี	4
เป็นตัว	4
ลองของ	4
เตือน	4
วิลล่า	4
ถึงขนาด	4
แพะ	4
พ่อ	4
สมูตตี้	4
ขนมเค้ก	4
ลูกค้าประจำ	4
เปิ้ล	4
ม่วง	4
สนามกีฬา	4
สตอร์	4
พิมพ์	4
บางแค	4
เกะ	4
ก่อนที่	4
อันนั้น	4
ขึ้นชื่อว่า	4
อีกหน่อย	4
มั่นใจ	4
หู	4
พน	4
มารยาท	4
มุ	4
ข้อดี	4
ปลาช่อน	4
ิ	4
ชีวิต	4
มัวแต่	4
ทอ	4
นิดหนึ่ง	4
สยามพารากอน	4
โลโก้	4
บาย	4
สี่เหลี่ยม	4
แข็งๆ	4
อยากได้	4
ดัดแปลง	4
มือ	4
ยาจีน	4
สิงห์	4
โปร	4
ด้วยซ้ำ	4
มองเห็น	4
เต	4
ก้าง	4
เตะ	4
มายองเนส	4
รามอินทรา	4
กล้วยหอม	4
ประสาน	4
แจ๋ว	4
ข้าวเกรียบปากหม้อ	4
เสริ์ฟ	4
หุง	4
ดีขึ้น	4
กิมจิ	4
ติ่มซ่ำ	4
เลี๊ยบ	4
หล่ะ	4
อ๋อ	4
แร้ว	4
เอ่อ	4
รสเปรี้ยว	4
ไหม้	4
เกรียม	4
รางวัล	4
วันอาทิตย์	4
พิจารณา	4
โหด	4
หรูหรา	4
ชาร์จ	4
บอล	4
ยัด	4
สามรส	4
ว่าไม่ได้	4
คาร์	4
ฮิต	4
มีหน้า	4
ปา	4
นุ่ม	4
คนรู้จัก	4
นท	4
คอร์ท	4
ชาเย็น	4
ล้าน	4
ใกล	4
ลาว	4
ต้มข่า	4
ได้เวลา	4
ผ่อนคลาย	4
โอเพ่น	4
มาย	4
เดี๋ยวนี้	4
เปลี่ยนบรรยากาศ	4
ขอบ	4
การจัดแต่ง	4
เครือ	4
ชาต	4
ข้อมูล	4
เอ้อ	4
งอก	4
ซ้ง	4
โภชนา	4
ร่วมงาน	4
คอน	4
หน่อไม้ฝรั่ง	4
พูดคุย	4
เพชรเกษม	4
เมา	4
ยยย	4
ชาย	4
ถู	4
ธุรกิจ	4
พาร์มา	4
ซีซาร์	4
คื่น	4
เซ็นเตอร์	4
พูน	4
ไม่ขาดสาย	4
ไตร	4
วี่	4
ทำเล	4
เซเว่น	4
เบเกอร์	4
ผักสด	4
หาร	4
แผง	4
แดด	4
ปี้	4
อาศัย	4
ใส่ไข่	4
ยัน	4
เรียบง่าย	4
น้ำสะอาด	4
เยือน	4
สะอาดสะอ้าน	4
รมควัน	4
ขนมครก	4
ดีจริง	4
ก่อนเที่ยง	4
สาคู	4
ปั้ม	4
ห่าน	4
น้ำมันงา	4
หมี	4
ฟู	4
จีบ	4
สิงคโปร์	4
แต่เช้า	4
จันทบุรี	4
ไข่ดาว	4
ร้องเพลง	4
แจ้ง	4
วัฒนะ	4
เรียงราย	4
เลาะ	4
ลิฟท์	4
ค้อ	4
เพียว	4
กีวี	4
เกริ์ต	4
ปากน้ำ	4
สมุทร	4
จ	4
พะแนง	3
ขนมไทย	3
แคะ	3
ปิ่น	3
ลก	3
แคระ	3
ยัดไส้	3
หม้อดิน	3
เลียบ	3
จุใจ	3
แมว	3
กลางเมือง	3
พักผ่อน	3
ฟอง	3
ยย	3
เผลอ	3
ไห	3
สารภาพ	3
เจอกัน	3
อุ่น	3
เห็นด้วย	3
เคลือบ	3
สยามสแควร์	3
ผู้เขียน	3
สีเหลือง	3
แต่งหน้า	3
ลิ่ม	3
พลัด	3
ธร	3
ด้านล่าง	3
มาการีน	3
ทะ	3
ครับผม	3
ไต้หวัน	3
ไต้	3
เข้ากันได้	3
ลิ้มรส	3
ลาก	3
เป็นเจ้าของ	3
ชั้นสอง	3
สืบทอด	3
กวางตุ้ง	3
แหม	3
เอาเป็นว่า	3
หัน	3
เกรงใจ	3
แวะเวียน	3
อรุณ	3
วดี	3
ความตั้งใจ	3
มากขึ้น	3
ชามะลิ	3
หลอด	3
ตลก	3
น่ารำคาญ	3
เสียเวลา	3
ปรี๊ด	3
เนื่้อ	3
มีปัญหา	3
กินเส้น	3
ส๊า	3
เข้าเรื่อง	3
แม่บ้าน	3
สาเหตุ	3
ฝน	3
แป๊บ	3
เปล่าๆ	3
คำแนะนำ	3
ปั๊ม	3
อ่า	3
คิดในใจ	3
ฟิน	3
ของจริง	3
ภูมิใจ	3
ก่อนที่จะ	3
หน้าต่าง	3
พิกัด	3
ดิ	3
เยลลี่	3
ไอ	3
เบท	3
รุนแรง	3
ดีใจ	3
แล้วไป	3
เสียใจ	3
ดวง	3
พฤหัส	3
มก	3
ระบบ	3
จู	3
อาหารสด	3
นัล	3
เรือน	3
ราชพฤกษ์	3
พนักงานเสิร์ฟ	3
เกษตร	3
ว่าการ	3
นิ่ง	3
ดูจะ	3
เตอร์	3
รบ	3
กวาง	3
ตามตรง	3
ตังค์	3
สบายใจ	3
อย่างงี้	3
รถติด	3
ของแท้	3
หนังสือพิมพ์	3
พหลโยธิน	3
เสียงดนตรี	3
ละมุน	3
ด้วยตัวเอง	3
เหม็นคาว	3
เห็นชัด	3
สะ	3
ตอ	3
หันหน้า	3
เต็มโต๊ะ	3
เนื่องใน	3
เที่ยงๆ	3
สุวรรณภูมิ	3
โมเดิร์น	3
ข้าวซอย	3
น้ำเงี้ยว	3
ยกเว้น	3
สำรอง	3
ปริ	3
ช	3
มือถือ	3
ใจกลาง	3
ผสมผสาน	3
เป็นแนว	3
ผ้าถุง	3
กระจกใส	3
บาน	3
เหลือเฟือ	3
หว่า	3
จุ	3
เปลี่ยนไป	3
ประหยัด	3
แกงคั่ว	3
อืม	3
หนังสือ	3
บู	3
สวรรค์	3
โหล	3
งก	3
สะเต๊ะ	3
ทีแรก	3
เศร้า	3
ล่า	3
โดยไม่รู้ตัว	3
แพคเกจ	3
วิน	3
ซ	3
จ๊อ	3
น้ำย่อย	3
วอลนัท	3
มน	3
ส่วนประกอบ	3
มอบ	3
สะเดา	3
เด้	3
พี่สาว	3
ก็เพราะว่า	3
ทั้งพวก	3
ท้าย	3
ราษฎร์	3
แอนด์	3
นคร	3
ศรีอยุธยา	3
า	3
ไต	3
ไวท์	3
ถิ่น	3
พ่อแม่	3
ิม	3
ประจำวัน	3
ธรรมศาสตร์	3
เชียง	3
ในเครือ	3
ข้าวเย็น	3
กระดาษ	3
ดูก่อน	3
ฮอก	3
ผู้บริโภค	3
อยู่ในเกณฑ์	3
รับได้	3
ตอนค่ำ	3
โฮมเมด	3
องุ่น	3
แกงป่า	3
นับว่า	3
ปลาเค็ม	3
ตลับ	3
บ้านไร่	3
ำ	3
เดือด	3
ตะเกียบ	3
ไข่หวาน	3
ยั้ง	3
ฐาน	3
ทาย	3
สาเก	3
เบียร์สด	3
ด่า	3
เสียบ	3
โครงการ	3
ต้อนรับ	3
กรรเชียงปู	3
ติ๋ม	3
ขีด	3
มีลูก	3
วิธีการ	3
แรกเห็น	3
เฟส	3
ขาดไม่ได้	3
ขี้เหร่	3
พอให้	3
อลล์	3
แฮ	3
แครง	3
เอสพลานาด	3
จำกัด	3
ภาษา	3
ผลิต	3
ตามใจ	3
มีชื่อเสียง	3
ด้ง	3
หมู่	3
นักศึกษา	3
แวก	3
เสียอารมณ์	3
เปรี้ยวหวาน	3
สลัว	3
ทันสมัย	3
กล้า	3
อเมริกา	3
สาทร	3
ที่พัก	3
เริ่มแรก	3
สน	3
เดินไปเดินมา	3
ยอด	3
สเน่ห์	3
กังวล	3
สมาชิก	3
โรงหนัง	3
ลูกชาย	3
ได	3
เอก	3
อุ่นๆ	3
รักษา	3
บอกต่อ	3
กระเพาะ	3
ไม่เลว	3
ค่าบริการ	3
ชะพลู	3
เฝอ	3
ดอก	3
มีราคา	3
นวมินทร์	3
ทางด่วน	3
ไหล	3
ข้าวยำ	3
บิล	3
แต่วัน	3
อาร์ต	3
อยากรู้	3
ร่วมกับ	3
ผักกาด	3
เร่	3
วัฒนา	3
อโศก	3
โฟ	3
ย้อน	3
ตรงกลาง	3
เซอร์วิส	3
หลุด	3
ได้คิด	3
อยู่ดี	3
เล้ง	3
ใบตอง	3
ริมทะเล	3
ธานี	3
ราคาตก	3
ฟัวกราส์	3
ต่างจังหวัด	3
ชลบุรี	3
อำเภอ	3
โกดัง	3
ยยยย	3
เทียม	3
ต่ำกว่า	3
มอ	3
สตูว์	3
ใต้ดิน	3
รัล	3
โค้ก	3
เกาะ	3
ตอบ	3
พหล	3
พวกเรา	3
เนื่องด้วย	3
ปูน	3
นิมมาน	3
แดนซ์	3
มันส์	3
ครีเอท	3
แน่ะ	3
เป๊ะ	3
ยาย	3
จ้วง	3
ท้องถิ่น	3
กลอง	3
แมง	3
วิทยา	3
ข้าวสาร	3
ดินแดง	3
เข้าขั้น	3
สองชั้น	3
อิต	3
เว	3
ถัดไป	3
ชาร้อน	3
เซต	3
จัน	3
สื่อ	3
มูส	3
สาร	3
วงศ์วาน	3
ซุ้ม	3
ญี่	3
เกี๋ยว	3
เหมา	3
ใจเย็น	3
หิวโหย	3
เวที	3
หนึบ	3
มาส	3
เซฟ	3
ต้มตุ๋น	3
ทางรถไฟ	3
ตาย	3
จุฬา	3
ลี	3
จุดด้อย	3
แอลกอฮอล์	3
รถยนต์	3
พาร์	3
ม่า	3
รังสิต	3
วงเวียน	3
กิโลเมตร	3
ชื่อเรื่อง	3
แข็งแรง	3
โรยหน้า	3
ใม่	3
ไฮไลท์	3
รัชดา	3
์	3
เปรี๊ยว	3
รอยยิ้ม	3
เฉพาะตัว	3
คับแคบ	3
ภาคใต้	3
นค	3
ฟ้า	3
อังคาร	3
เฉพาะคน	3
ฝนตก	3
ด้อย	3
เบส	3
โรล	3
กินน้ำ	3
จองที่	3
ริมน้ำ	3
รางน้ำ	3
เข้	3
เด็กนักเรียน	3
บิน	3
คร้าบ	3
น่าสน	3
สะตอ	3
ปลาสลิด	3
เก็ต	3
แลดู	3
ชั้นเดียว	3
หวง	3
นักท่องเที่ยว	3
สุดสัปดาห์	3
อก	3
แต่ละคน	3
ตาล	3
คอมเมนต์	3
วะ	3
ตำนาน	3
ระยอง	3
ผักกาดดอง	3
โน่	3
จัดเรียง	3
ตอนกลางคืน	3
ศาล	3
พลุกพล่าน	3
นรา	3
โต๊ะอาหาร	3
ตุ๊กตา	3
นัด	3
เนื้อมะพร้าว	3
นักเรียน	3
ต้องตาม	3
แม่ค้า	3
สอดไส้	3
มีนบุรี	3
สีน้ำตาล	3
ข้าวกล้อง	3
ความมัน	3
ถั่วดำ	3
สา	3
ถั่วงอก	3
ตั้งต้น	3
แฟรนด์	3
ด์	3
พิซ	3
ไมไ่ด้	3
สายรุ้ง	3
ในที่สุด	3
ตรงนั้น	3
มองดู	3
ทางซ้าย	3
ซีอิ้ว	3
คืน	3
ติดตาม	3
เฟซ	3
บุ๊ค	3
ครั้งหน้า	3
อเวนิว	3
เพ	3
วง	3
ลือ	3
หลอก	3
เปลือก	3
ที่วัด	3
ช่าย	3
เหนียวหนึบ	3
มินิ	3
ขาประจำ	3
สะโพก	3
เต้าเจี้ยว	3
ทาว	3
ไลน์	3
ไก่ตอน	3
ฟัก	3
หรา	3
แล่	3
ฟรุต	3
ชานุ	3
รัชโยธิน	3
โม	3
สต์	3
มักกะโรนี	3
ระเบียง	3
พ่อค้า	3
เมเจอร์	3
ของฝาก	3
ร่วน	3
จัมปง	3
อาคารเรียน	3
ไฟแดง	3
ชาติ	3
เฟรนด์ลี่	3
คำตอบ	3
รม	3
คิดถึง	3
นก	3
ยางมะตูม	3
บัคกุ๊ตเต๋	3
ตามเดิม	3
กรุง	3
สักนิด	3
หญิง	3
ดึง	3
ผ้าใบ	3
แซ่	3
ขมิ้น	3
สั้ง	3
ไส้อั่ว	3
พริกป่น	3
นาเกลือ	3
โฮม	3
โง่	3
เพชร	3
กิโล	3
วาท	3
บอง	3
เช่	3
ชั้นบน	3
คลาสสิค	3
เป๋าฮื้อ	3
เวอร์	2
หัวปลี	2
พุทธมณฑล	2
กุ๊ก	2
ซิ่ว	2
เลข	2
ฤดู	2
มาเลเซีย	2
เบตง	2
คุณป้า	2
เหตุการณ์	2
จำเป็นต้อง	2
ลน	2
ละคร	2
บะช่อ	2
กำไร	2
วี	2
ว่าแล้ว	2
ตะกละ	2
รู้เรื่อง	2
กล้อง	2
การนัด	2
เวิร์ก	2
ความนิยม	2
ลดลง	2
เมื่อวันก่อน	2
ชิค	2
หาว่า	2
ชิลล์ๆ	2
อุปกรณ์	2
คลอเรสเตอรอล	2
การปรุง	2
ั	2
ล่ำ	2
ช่วยกัน	2
นานนม	2
เที่ยงวัน	2
ข้ามถนน	2
เรื่อยเปื่อย	2
วิญญาณ	2
อึ้ม	2
เคาน์เตอร์	2
อนุมาน	2
น้ำแข็งเปล่า	2
สะดุด	2
เว้นแต่	2
โปสเตอร์	2
เสียหาย	2
หัวโค้ง	2
พลุ	2
โปรโมท	2
ลบ	2
นุ่มนวล	2
ดีเยี่ยม	2
วว	2
นะเนี่ย	2
เร้าใจ	2
เกรด	2
เนื้อสด	2
พักเที่ยง	2
คำเตือน	2
จับได้	2
เงียบๆ	2
ู	2
มันปลา	2
หน่อไม้	2
ตุ่๋น	2
เน้ือ	2
เบิ้ม	2
โอว	2
ทับ	2
หงุดหงิด	2
ประทับตรา	2
ประดับ	2
ริมหาด	2
ถือได้ว่า	2
ในขณะที่	2
ขีดสุด	2
กิว	2
ความสุข	2
เป็นแถว	2
สาวก	2
ยั่ว	2
เกิดขึ้น	2
มง	2
ฏ	2
อนุ	2
กลิ่นไอ	2
ตะวันตก	2
โคมไฟ	2
แป๊บเดียว	2
ออร์เดอร์	2
เสมอ	2
มมมมมม	2
ตัวอย่างเช่น	2
แหะๆ	2
ปทุม	2
บีทีเอส	2
ของแปลก	2
ข้าวคั่ว	2
ติดตัว	2
มัย	2
พารา	2
ยี	2
ตามนั้น	2
แม่ศรี	2
ล้วนแล้วแต่	2
ร่อย	2
ผู้คน	2
แน่นขนัด	2
ฉาย	2
คับคั่ง	2
ข้างมาก	2
ขวักไขว่	2
ความแตกต่าง	2
เจ๋ง	2
รี้	2
ชนะ	2
ไจ	2
อำนวย	2
รักบี้	2
พิศดาร	2
ช้อย	2
เคล้า	2
กระเทียมหอม	2
ตกม้าตาย	2
ฉบับ	2
ปั้มน้ำมัน	2
ทางขวามือ	2
ตั้งตัว	2
ปูม้า	2
คนต่างชาติ	2
ดอลลี่	2
เป็ป	2
โต๊ะกลม	2
ดูๆ	2
ใบเสร็จ	2
ตรวจสอบ	2
นัม	2
ตลิ่งชัน	2
เรื่อยไป	2
ทิง	2
ลิตร	2
คอนเฟิร์ม	2
ไทยทาน	2
สนามบิน	2
ไพเราะ	2
อาทิ	2
ชาววัง	2
สตรอเบอร์รี่	2
ออกแบบ	2
ผ้า	2
นำมาใช้	2
ผ้าปูโต๊ะ	2
ร่มเงา	2
ริบบิ้น	2
อ่อง	2
กระเทือน	2
เนื้อเปื่อย	2
กุ้งแช่น้ำปลา	2
กาก	2
จุดขาย	2
ก๊วย	2
ตรู	2
วัฒนธรรม	2
เนี้ยบ	2
ใส่ใจ	2
ขัดใจ	2
กิ้น	2
เซี่ยงไฮ้	2
เป็นมิตร	2
ย่า	2
โทส	2
เบ้	2
ชั้นแรก	2
ยามค่ำคืน	2
นานา	2
โดยสิ้นเชิง	2
ฟอ	2
เปอร์เซ็นต์	2
เปื่อยยุ่ย	2
มันฝรั่งทอด	2
เวลาว่าง	2
รัง	2
เฉาก๊วย	2
ครบรอบ	2
การ์	2
ร้านหนังสือ	2
โปรดปราน	2
ซาน	2
โครง	2
ดึ๋งดั๋ง	2
เป็นมัน	2
แข็งตัว	2
ปอ	2
บูรณะ	2
ตัวเล็ก	2
นิช	2
ตัวเมือง	2
ขน	2
ไหว้พระ	2
คุ้นเคย	2
ชนะสงคราม	2
เงียบ	2
ฟักทอง	2
ชั้นหนึ่ง	2
เอส	2
เพลส	2
โซ่	2
แล๊ต	2
จนกรอบ	2
สังขยา	2
ขนมปังแผ่น	2
ออร์แกนิค	2
คัซซึ	2
เฟรนฟ	2
หัวค่ำ	2
เวลานี้	2
ชิ้้น	2
สส	2
บก	2
รอบนอก	2
ไซรัป	2
พูดว่า	2
หึ	2
หึหึ	2
เปรียบเทียบ	2
นานาชาติ	2
ลดราคา	2
อดใจ	2
ดา	2
เอ	2
สับเปลี่ยน	2
ฟเฟ่ห์	2
แตง	2
โดยบังเอิญ	2
นว	2
โร	2
สัมมากร	2
สวยหรู	2
แม่ครัว	2
ข้าวอบ	2
คีบ	2
จำเพาะ	2
ประยุกต์	2
ทองคำเปลว	2
อิน	2
ลงนะหน้าทอง	2
มหาเศรษฐี	2
เบาะ	2
สูบบุหรี่	2
สูบ	2
โรแมนติก	2
ทน	2
ขยับ	2
การพา	2
อึมครึม	2
ต่อให้	2
กิ๊บเก๋	2
คิท	2
กุ้งมังกร	2
ฟาง	2
ท้อ	2
บิ๊ก	2
กึ่ง	2
อร	2
วัยทำงาน	2
แผ่	2
ทางใน	2
เครื่องดูดควัน	2
น้ำต้ม	2
ช้อป	2
สง่า	2
มังกร	2
อดทน	2
นื้อ	2
นุ	2
สักครั้ง	2
ลานจอดรถ	2
โล่	2
อัง	2
ข้าวผัดอเมริกัน	2
ตัดสิน	2
แคนยอน	2
คอนเซ็ปท์	2
เป็นทางการ	2
โปรตีน	2
ในเวลานี้	2
ด่วน	2
ขยาย	2
ถ่าน	2
การต้ม	2
ความประทับใจ	2
กลิ่นอาย	2
ส่วนหนึ่ง	2
ดีเลิศ	2
ไทดำ	2
ส้มกุ้ง	2
มิด	2
เลือด	2
บางกอก	2
เยี่ยง	2
แต้จิ๋ว	2
ตอก	2
ดินเนอร์	2
อวบอ้วน	2
ปลายปี	2
เชย	2
ปลื่ม	2
ความน่ารัก	2
ผักกระเฉด	2
คอนเซ็ปต์	2
โอ้	2
ฤดูหนาว	2
หมา	2
โระ	2
นัต	2
เงาะ	2
บลูเบอร์รี่	2
ลำ	2
เบาหวาน	2
แระ	2
รูปประกอบ	2
เหม่งจ๋าย	2
อ้อย	2
เปาะเปี๊ยะ	2
เอ่ย	2
เก๋ไก๋	2
กระปุก	2
ใหล	2
บัว	2
ข้าวเกรียบ	2
ยอ	2
ทำนอง	2
ออกตัว	2
ตัวอย่าง	2
คร่าวๆ	2
พิพ	2
ฟู๊ต	2
อย่างว่า	2
กล	2
จืดชืด	2
นิดส์	2
เคี่ยว	2
ก่อนเพื่อน	2
ตัวเลข	2
ออม	2
เล็ต	2
กรีด	2
คลุม	2
ข้่าว	2
ครอบคลุม	2
นราธิวาส	2
คาปูชิโน	2
ผิว	2
ไม๊	2
เจงๆ	2
เปลี่ยนเป็น	2
เอ็กซ์	2
ฟูด	2
หืน	2
ชนะเลิศ	2
หิวจัด	2
เต้าฮวย	2
ไ้ด้	2
เยน	2
ฝังใจ	2
ราชครู	2
เป้า	2
ถือเป็น	2
ไข่ลูกเขย	2
สอบผ่าน	2
ว่าด้วย	2
ปรุงแต่ง	2
เด็ดขาด	2
เหลืออยู่	2
การตาม	2
ภา	2
วม	2
การแสดง	2
ฝอย	2
พุงกาง	2
ปุ๊	2
เป็นไปได้	2
ชล	2
ผูก	2
เที่ยงคืน	2
อินทรีย์	2
พลู	2
คนแนะนำ	2
ผึ้ง	2
เวลาอาหาร	2
ดุสิต	2
มังค์	2
ไหนจะ	2
กั้ง	2
แนะนำตัว	2
พนัส	2
สงบ	2
ผอม	2
ทั้งคู่	2
น่าอร่อย	2
ชักชวน	2
ทีรามิสุ	2
เฟ	2
ไส	2
เต้น	2
อยู่	2
ยกนิ้วให้	2
ฟา	2
สฟู๊ต	2
ชั้นใต้ดิน	2
แสงสว่าง	2
ทึมๆ	2
หักคะแนน	2
คุณปู่	2
ลันตา	2
เครื่องบิน	2
สวนอาหาร	2
เสนอ	2
ค้าง	2
ขี้เกียจ	2
จร่ะ	2
แรงบันดาลใจ	2
รัศมี	2
เมื่อย	2
เอ้า	2
แตงโม	2
งั๊น	2
ดุ้น	2
เห	2
นทร์	2
ลมหนาว	2
วงดนตรี	2
ดื่มเหล้า	2
รอบด้าน	2
ปลาก	2
เพาะ	2
ตบะ	2
โพละ	2
ทีนี้	2
การณ์	2
ดอด	2
เม้า	2
พละ	2
พระเอก	2
มิลล์	2
ดินสอ	2
โรงเรียนสตรี	2
ฉาบ	2
สว	2
เป็นมา	2
ช้างน้อย	2
ภัค	2
อัพ	2
ฝาน	2
ทำลาย	2
จิ๋ว	2
ถนนใหญ่	2
เฉียบคม	2
ท้องที่	2
เิ	2
ดิน	2
หน้าหนาว	2
ขี้เมา	2
น้า	2
เน้อ	2
ผักสลัด	2
ไมโล	2
กระจาย	2
ปีใหม่	2
อนุเสาวรีย์	2
นั่งร้าน	2
เนสเล่	2
ชง	2
ทางเดิน	2
การสังสรรค์	2
กัลปพฤกษ์	2
คณะ	2
ผัง	2
เมะ	2
ควบคุม	2
น้ำหนัก	2
ยอดนิยม	2
ไล่	2
เลียน	2
โฟร์	2
ซีซั่น	2
จนได้	2
วิธีทำ	2
มิค	2
ตามคำแนะนำ	2
เพิง	2
เข่ง	2
หมั่นโถว	2
ไถ	2
คร่ั้ง	2
เก็กฮวย	2
โอวัลติน	2
สาป	2
เต็มใจ	2
ไส้กิ่ว	2
กลางดึก	2
งั๊นๆ	2
ความเห็นส่วนตัว	2
สับปะรด	2
ทอดที่	2
ปริญญา	2
แฟม	2
น่ารับประทาน	2
กลุ่มเป้าหมาย	2
ช้อปปิ้ง	2
ซูริค	2
อโยธยา	2
เอเชีย	2
เจดีย์	2
ไอเดีย	2
พุ้ดดิ้ง	2
แต่กลับ	2
ช็อก	2
เลต	2
คงที่	2
แช	2
เฮ	2
ดารา	2
แต่ไกล	2
ท็อป	2
หนาว	2
คลุกเคล้า	2
โร่	2
หน่่อย	2
นารา	2
ตเต้	2
ราวๆ	2
พอดู	2
ลิ้ม	2
กร	2
เท่าตัว	2
สเต๊ก	2
นิ้ว	2
สังเกตเห็น	2
สวนลุม	2
ป้ายรถเมล์	2
ยุ่ง	2
ตี๋	2
ท่าจะ	2
ถือโอกาส	2
เน	2
แบบบาง	2
ดอกไม้	2
ปฐม	2
รก	2
บางเวลา	2
ซอยตัน	2
ข้าวหน้าหมูแดง	2
ผู้ปกครอง	2
บล็อก	2
โลตัส	2
สักพัก	2
ขลุกขลิก	2
เมื่อนานมาแล้ว	2
ผู้อ่าน	2
ชื่อเสียง	2
สถาน	2
ทันใจ	2
ดด	2
สัย	2
เท่าๆ	2
ลูกผสม	2
ล้าง	2
คาวปลา	2
นุ่มนิ่ม	2
หมูสามชั้น	2
หล่มสัก	2
บางโฉลง	2
กลับรถ	2
สับสน	2
ตรงจุด	2
สนิท	2
ะ	2
สมเด็จ	2
เป่า	2
นมข้นหวาน	2
พื้นเมือง	2
เป็นที่รู้จัก	2
ลูกสาว	2
หายห่วง	2
อุดม	2
การถ่ายรูป	2
ซื่อ	2
ใจความ	2
บ่งบอก	2
ที่ต่ำ	2
อั๊ง	2
ผดุง	2
ด้าว	2
แผงลอย	2
ไฮโซ	2
ก้าม	2
ตู้กระจก	2
อาการ	2
ยุ่ง	2
ผักขม	2
พอร์คชอป	2
รู่	2
ทิ	2
แคบหมู	2
ปอง	2
ติดป้าย	2
มอเตอร์ไซค์	2
นั้ง	2
ปักษ์ใต้	2
คงเส้นคงวา	2
จี๊ดจ๊าด	2
เอื้อม	2
กระหาย	2
เสื้อ	2
มิตรภาพ	2
มากเกินไป	2
จอ	2
มาตรา	2
ริ้ว	2
ติดๆ	2
ชื่นชม	2
ความพิถีพิถัน	2
โฮมโปร	2
เรือง	2
ฤทธิ์	2
เรีย	2
บึง	2
เงียบสงบ	2
เฮง	2
บรม	2
ย้อนยุค	2
หนวด	2
บี้	2
ความคุ้มค่า	2
เนต	2
บัตรสมาชิก	2
สวีท	2
เป็นสมาชิก	2
วงเดือน	2
เสียงเพลง	2
โว้ย	2
ห้องเช่า	2
แมนชั่น	2
โส	2
เจอะ	2
แต่ละวัน	2
ดอย	2
ปิง	2
น้ำกะทิ	2
คุ้ม	2
คล้า	2
บ่อ	2
ปะ	2
ความหิว	2
ที่สาม	2
เชี่ยวชาญ	2
ช็อค	2
น้ำจืด	2
ฟาร์ม	2
เหยาะ	2
หลีกเลี่ยง	2
วาด	2
อารมณ์ดี	2
โจ๊ะ	2
หวา	2
สลับ	2
หนังไก่	2
พริกขี้หนู	2
ลักษณ์	2
ศรีนครินทร์	2
ตอนเช้า	2
พระรามเก้า	2
หรู๋	2
ช่วยไม่ได้	2
คนกรุง	2
ท้อป	2
ฝั่งธน	2
จรัญฯ	2
พี	2
มาเลย์	2
ซึม	2
รั้ว	2
สิน	2
ปาท่องโก๋	2
ชายทะเล	2
โด่งดัง	2
อป	2
เเต่	2
เเนะ	2
เเห้ง	2
ป้ายบอกทาง	2
สแตนเลส	2
ตรวจ	2
เกี้ยม	2
บาร์บีคิว	2
สมใจ	2
นิสิต	2
เป็นอย่างมาก	2
คัดสรร	2
รย	2
ญ	2
ชั้นนำ	2
ท้องร้อง	2
กั้งกระดาน	2
ห่วย	2
ทงคัตสึ	2
เคือง	2
สามแยก	2
ซิ่ง	2
นำเสนอ	2
พม่า	2
ดูเหมือน	2
ทยอย	2
ครบเครื่อง	2
เฉพาะที่	2
ทีหลัง	2
ซุปเปอร์	2
ขาไก่	2
อบรม	2
หนืด	2
กรี๊ด	2
น๊า	2
ือน	2
ต่อหัว	2
ว่าแต่	2
พบปะ	2
ซี่โครงหมูทอด	2
ความเร็ว	2
เจ๊ง	2
ทรัฟเฟิล	2
จิ๊ก	2
โฉ่	2
ลูกจ้าง	2
เป็นช่วง	2
สัปดาห์	2
พิถีพิถัน	2
ตอนเที่ยง	2
แยกกัน	2
เก๋ากี้	2
งวด	2
เทือก	2
รวี่	2
เหม็นสาบ	2
ร่มเย็น	2
เผอิญ	2
เป๊ปซี่	2
นักร้อง	2
ปาร์ตี้	2
เก๊กฮวย	2
ผัดกะเพรา	2
เด่นชัด	2
ประเด็นสำคัญ	2
อ่านหนังสือ	2
ซ้ำๆ	2
บลง	2
ดีแทค	2
ๆผม	2
สบายดี	2
เด็กเล็ก	2
แฮปปี้	2
ชิน	2
ทิป	2
ของสด	2
ถก	2
เรือธง	2
ลูกเดือย	2
พลัง	2
ชานเมือง	2
หลา	2
ม่าน	2
ป่อ	2
เปี๊ยะ	2
เด่	2
ค่่อย	2
ๆๆๆๆๆๆ	2
สตรี	2
ขอโทษ	2
เลเยอร์	2
เฮ้าส์	2
นารายณ์	2
ปราบ	2
ศึก	2
รับแขก	2
ญ่ีปุ่น	2
ตามอัธยาศัย	2
เสนานิคม	2
ฮือ	2
ค่าย	2
นเรศวร	2
ทัพพี	2
ที่ผ่านมา	2
เข็น	2
สเต็ค	2
ทาร์	2
วาฟเฟิล	2
นางใน	2
แช่แข็ง	2
หมาก	2
ใครก็ตาม	2
แหลก	2
แฮ่กึ๊น	2
ตัม	2
เมน	2
เป็นที่ตั้ง	2
ขาดตัว	2
แม่ยาย	2
ภาพรวม	2
ชื้อ	2
อร่่อย	2
จ้อง	2
ติดไม้ติดมือ	2
ยม่	2
เซนต์	2
แลก	2
ภูเขาไฟ	2
แคบ	2
ไมโครเวฟ	2
เจ้	2
าา	2
ขึ้นอยู่กับ	2
สะดุ้ง	2
ดำริ	2
เผ็ดร้อน	2
แปะก๊วย	2
โน้ส	2
ซ๊อต	2
บิด	2
เห้ย	1
นครชัยศรี	1
ว่าความ	1
ราชประสงค์	1
เลิกกิจการ	1
ฮก	1
เต้ย	1
พรัอม	1
ถุงมือ	1
ล้างมือ	1
หักออก	1
รัาน	1
ขนย้าย	1
งานแต่งงาน	1
ออกงาน	1
เชื่อม	1
สั่งทำ	1
ยัก	1
ร๊นๆ	1
พึ่งพา	1
ค่ำมืด	1
ดึกดื่น	1
ออกแรง	1
ขบ	1
ร่อน	1
เหลียว	1
เขียวชอุ่ม	1
ทันใด	1
ป้าบ	1
อัญเชิญ	1
หุๆ	1
เอ้ย	1
อึดใจ	1
ซู้ด	1
ดดดดดด	1
อ่าห์	1
ชำเลืองตา	1
โอ้ว	1
เว้ย	1
ฉีก	1
ซาก	1
อารยธรรม	1
พๆ	1
ชู้	1
ดดดดดดด	1
เฮ้ย	1
พพพพ	1
มวย	1
แจ่ม	1
คราย	1
ซัม	1
ซวย	1
รุ่นน้อง	1
ไปเป็นเพื่อน	1
ลัด	1
พบกัน	1
ร่วง	1
โรยรา	1
เวลา่	1
วัตสัน	1
ต้องใจ	1
เห็นได้ชัด	1
ห่างหาย	1
เพื่อนชาย	1
รอด	1
ขออนุญาต	1
ก๊อ	1
หัวเราะ	1
สิริ	1
ตั้งฮั่วเส็ง	1
ธนบุรี	1
เชิง	1
ราชวิถี	1
ซังฮี้	1
ถ่ายเท	1
ดินเผา	1
ย่อมๆ	1
เตาไฟ	1
สหกรณ์	1
เลอ	1
หนอก	1
ปลี	1
ผิวๆ	1
ิง	1
้ห	1
ข้ำ	1
งัย	1
พันตรี	1
สามี	1
วนิดา	1
ร้่อย	1
ร่ำเรียน	1
เหยียบย่าง	1
แชงกรีลา	1
เตร็ดเตร่	1
ผ่านหน้า	1
แขวน	1
ภวังค์	1
สังขาร	1
กังขา	1
ทำหน้าทำตา	1
ชี้บอก	1
กว๋อง	1
ทวด	1
ตำรับ	1
ปีก่อน	1
ชั่วโคตร	1
ว้	1
เด็กเสิร์ฟ	1
ใคร่ครวญ	1
งี้	1
แพ็ค	1
ตามติด	1
เริด	1
ชั่วพริบตา	1
กระเพาะอาหาร	1
เคลิ้ม	1
ดาดฟ้า	1
เจ้าพระยา	1
แชงกรีล่า	1
เต็ล	1
ทางขวา	1
เขียวหวาน	1
ทัวร์	1
ก้ำกึ่ง	1
สลุต	1
ผลุด	1
ยิง	1
ปุย	1
เมฆ	1
การเจาะ	1
ในเวลาเดียวกัน	1
ขำ	1
ยิปซี	1
ป๊ะ	1
แบบผม	1
สุขใจ	1
วววว	1
ประชัน	1
ระนอง	1
สโมสร	1
ท่าเรือ	1
เข้างาน	1
เล้ก	1
เหมือนเคย	1
ชีวิตจิตใจ	1
รอบข้าง	1
เบ็ดเสร็จ	1
ใจจริง	1
เป็นความลับ	1
จิต	1
ิญ	1
ญาณ	1
ซึมซับ	1
ซน	1
วิบัติ	1
ดุ	1
ฝ่ามือ	1
ไข	1
ญ่ีปุ่น	1
น้ำส้มสายชู	1
คัม	1
เปียว	1
แต้ม	1
ฮี	1
ตุ่น	1
ราชิ	1
เน็ต	1
กวนใจ	1
นิวยอร์ก	1
ฉ่ำ	1
เขาค้อ	1
เป็นธรรมดา	1
สังเวียน	1
นอกเมือง	1
งอน	1
วู้	1
ชัยชนะ	1
แบ่งปัน	1
สยิว	1
กิ้ววว	1
ปล่อย	1
เวฟ	1
ร่อ	1
อย	1
ตาว	1
ทวีต	1
แว่ว	1
ข่าว	1
อิ่มใจ	1
รู้เรื่องราว	1
ศาตร์	1
มีประวัติ	1
เสือป่า	1
รัชกาล	1
คลาสสิก	1
รถพระที่นั่ง	1
เรียกกันว่า	1
พระที่นั่ง	1
พิมาน	1
จักรี	1
สามัญชน	1
เข้าเฝ้า	1
ยุคสมัย	1
เยี่ยมชม	1
โดยรอบ	1
คำชวน	1
เม็ดสาคู	1
ื่ม	1
ประสบความสำเร็จ	1
พิถึพิ	1
ถัน	1
สมัส	1
เสียชื่อ	1
แท่ง	1
กวน	1
ล้อมรอบ	1
หยุ่น	1
แด	1
โน้ม	1
บร้	1
ส์เบิร์ก	1
แปลกประหลาด	1
เกิต	1
ยาคู	1
สายน้ำผึ้ง	1
ฝัก	1
เลขนะ	1
คำนวณ	1
ตามอารมณ์	1
รีสอร์ท	1
ประสิทธิภาพ	1
เรื่อ	1
ปั้นหยา	1
ครก	1
ระยะเวลา	1
ข่าวโคมลอย	1
วนา	1
นู่	1
หมาดๆ	1
ไอโฟน	1
ล่อตา	1
ล่อใจ	1
หลังจากนั้น	1
ไปนอก	1
ทำการ	1
ส่อง	1
เป็นไปตาม	1
แสบ	1
ของขึ้น	1
ขื่อ	1
ที่ไหนบ้าง	1
ขยายตัว	1
โดยส่วนใหญ่	1
เป็นส่วนใหญ่	1
แท็กซี่	1
โบกมือ	1
นนทบุรี	1
เสา	1
สิ้นสุด	1
ถ่อ	1
เข้าทาง	1
โคลน	1
โปรเจ็ค	1
ฟุตบอล	1
สมรภูมิ	1
บทสรุป	1
เรียกหา	1
เก้ง	1
มั่วซั่ว	1
มืออาชีพ	1
กำจัด	1
หมวด	1
ขึ้่น	1
เป	1
่ยว	1
กรู	1
คิดได้	1
แอนท์	1
สถานการณ์	1
เจียง	1
มม	1
ปวดหัว	1
สันติ	1
ด่ว	1
บ้านเก่า	1
เปียโน	1
แจ๊ซ	1
เนื้อสันใน	1
กุลาดำ	1
ความสนุก	1
ขาเข้า	1
กทม	1
สรรพสินค้า	1
เจ๊ต	1
สังเกตว่า	1
ฟอร์ม	1
นขา	1
ชายหาด	1
แก๊งค์	1
ลูกท่านหลานเธอ	1
ด้วยใจ	1
ระทึก	1
หมดใจ	1
ครึม	1
ที่รวม	1
ไซน์	1
ชน	1
ปัญหา	1
แป็ป	1
ดูแลเอาใจใส่	1
เทคแคร์	1
นินจา	1
อยุ่	1
ทะยอย	1
อาหารจานหลัก	1
แย่จัง	1
กล้วยแขก	1
เด็กน้อย	1
แคป	1
มิ๊ก	1
รุ่งเรือง	1
คล่องคอ	1
บ่ายแก่ๆ	1
รองท้อง	1
ไม่เบา	1
การรอคอย	1
จอม	1
โครงสร้าง	1
หลังคา	1
ใข่	1
ก๋วยเต๋ยว	1
คู	1
ของว่าง	1
ต่างประเทศ	1
แปลกใหม่	1
ได้ประโยชน์	1
ค่ัะ	1
เจน	1
หวาย	1
ลายไทย	1
ไม้ต้น	1
อิสระ	1
แสตมป์	1
วจา	1
ตัวเรา	1
หนุน	1
ฉู่ฉี่	1
ในแง่	1
หวาดเสียว	1
ปากอ่าว	1
เวิ้งว้าง	1
น่ากลัว	1
เด๋ว	1
หมดเกลี้ยง	1
เล่ม	1
ตะลุย	1
สท์	1
ขัด	1
วอลล์	1
ฮอลิกส์	1
จับผิด	1
ฮวบฮาบ	1
มีเรื่อง	1
ปัดโธ่	1
หัวใจ	1
ขอรับ	1
ราคาขายปลีก	1
เรื่องเล็ก	1
เรียนพิเศษ	1
ตกลง	1
หลังอาหาร	1
เปี๊ยบ	1
คนโสด	1
ทรวง	1
เกลี้ยง	1
หลัว	1
นู	1
เฟรบ	1
กล่าวถึง	1
กรัง	1
ฤดี	1
วอดก้า	1
ลาม	1
ค็อกเทล	1
เฉลียง	1
ชี้นิ้ว	1
กำลังเหมาะ	1
ซัล	1
เนียร์	1
หมูแฮม	1
เอากำไร	1
ความแรง	1
มูลค่า	1
กระซิบ	1
มนต์	1
สะกด	1
นัว	1
อาฟเตอร์	1
เลี้ยงส่ง	1
อุ้ย	1
ทีม	1
โต้ง	1
โรจ	1
อาหารเย็น	1
ตล๊อดๆ	1
ดั้นด้น	1
ทั่วเมือง	1
ตง	1
มโนรม	1
สาหร่ายทะเล	1
เสี่ยว	1
เปา	1
นวด	1
ซร้วบบบ	1
เปี้ยะ	1
โลด	1
บุคคโล	1
อยู้	1
เลื่อย	1
พรหม	1
จอมสุรางค์	1
อุปถัมภ์	1
หัวรอ	1
บา	1
ลพ	1
ย์	1
คุยเก่ง	1
จากไป	1
เต้	1
สมูตตี้ขอ	1
สมูทตี้	1
รัส	1
คลาย	1
คู้	1
ราว	1
อั๋น	1
พระนครศรีอยุธยา	1
ทิพ	1
คนเขียน	1
ลำพู	1
ตั้งแต่นั้นมา	1
ๆๆๆๆ	1
ซีส	1
พักอาศัย	1
ราก	1
พญานาค	1
พิราบ	1
ครั่ง	1
ซิก	1
เนเจอร์	1
ตกหลุม	1
รักแก้ว	1
รต์	1
ฝึ้ง	1
น้าน	1
นัตโตะ	1
ธารา	1
เค๊กชิ้้น	1
ตอร์	1
หั้่น	1
ตัวเอก	1
โก๊ยย	1
กั๊น	1
อเมริกัน	1
ที่รัก	1
โรงภาพยนตร์	1
แล้วหละ	1
ขูด	1
ใบไม้	1
โกรธ	1
อาหารว่าง	1
เหรียญ	1
เก้	1
จี้	1
เปร	1
มิ้นท์	1
สตอร์เบอร	1
เปรียว	1
สกู๊ป	1
หมอบ	1
เสียเชิง	1
เมือ	1
ไ่ม	1
ล็อต	1
ยุ่	1
ศึกษา	1
สุร	1
นันทน์	1
เวช	1
ชีวะ	1
สินค้า	1
นางเอก	1
เหนือศีรษะ	1
ดูเหมือนว่า	1
กิจการ	1
อรุณสวัสดิ์	1
พออิ่ม	1
มั่ว	1
เส้นแข็ง	1
ผิวนอก	1
แฟนซี	1
พี่น้อง	1
กุ้งแห้ง	1
ยาบ	1
ความเชื่อ	1
ไสยา	1
ศาสตร์	1
บริสุทธิ์	1
ความขลัง	1
ดีเทล	1
สตี	1
ปาดหน้า	1
เสิรฟ์	1
วิปปิ้ง	1
กลืนกัน	1
รวมพล	1
ชั้นลอย	1
เตี้ย	1
เงื่อนไข	1
ปุ่ม	1
ยาแก้ไอ	1
หล่น	1
ฮอน	1
วิลเลจ	1
พักใหญ่	1
เดซิเบล	1
มนุษย์	1
ปุถุชน	1
สุภาพบุรุษ	1
หวานใจ	1
ออกัน	1
อีกต่อไป	1
ฮอนมู	1
อิสาน	1
คิดดู	1
หะ	1
กรรเชียง	1
บลอค	1
ปลิงทะเล	1
เสร็จสรรพ	1
ส่วนหัว	1
ไช	1
โป๊ว	1
องท์	1
มีด	1
โรงรถ	1
คัด	1
ขนมเบื้อง	1
ลุย	1
ซุปเปอร์มาร์เกต	1
เนื้อสันนอก	1
ริบ	1
อาย	1
อลอยด์	1
ใจคอ	1
ผ้าขี้ริ้ว	1
สิบห้า	1
หม่ำ	1
ผึ่ง	1
ป่อง	1
เด็ดดวง	1
ร้	1
ฟู้ส์	1
ชูรส	1
ฟู้ดส์	1
ปากเป็ด	1
หนุบหนับ	1
เครื่องแบบ	1
ได่	1
แขนง	1
เจ้าค่ะ	1
ใจร้าย	1
เห่ย	1
แทบตาย	1
เก้าอี้นั่ง	1
ราคาขาย	1
มันเยิ้ม	1
เครื่องราง	1
ยมทูต	1
ทำความรู้จัก	1
แบล็ค	1
อันเป็น	1
ซอร์เบท์	1
มีคุณค่า	1
โภชนาการ	1
วิตามิน	1
คาร์โบไฮเดรต	1
ปัจจุบันนี้	1
ขนมปังปอนด์	1
ไศ	1
กรี	1
เต็มอิ่ม	1
ต้นปี	1
ให้อภัย	1
สอดคล้อง	1
กินเลี้ยง	1
เป็นที่ยอมรับ	1
ปริมาณมาก	1
ในกรณีที่	1
ยิ่งไปกว่านั้น	1
ขี้ลืม	1
ควบคู่	1
ชื้น	1
ตั้งราคา	1
ฟิต	1
ฝั่งคลอง	1
พื้นบ้าน	1
รวน	1
ท่ี่	1
ร้านเหล้า	1
สนุ๊ก	1
ถึงว่า	1
คายก	1
สฯ	1
วนเวียน	1
ครึ่งตัว	1
เร่งรีบ	1
ทำงานต่อ	1
ง่วง	1
แคน	1
ตั้น	1
นะค้า	1
มายัง	1
ซั่นส์	1
ตรงไหน	1
เค็ก	1
เก้าอี้ดนตรี	1
ฺ	1
แุุุึึถวๆ	1
รูปร่าง	1
ใส้พัฟ	1
ดาร์คช๊อก	1
ส่วนหน้า	1
เมาท์	1
ลังเล	1
ยอมแพ้	1
ๆบดๆ	1
เนื่องจากว่า	1
ชาวยุโรป	1
โพธิ์	1
พระปรางค์	1
ซำ้	1
หาว	1
รื่อง	1
ต่างชาติ	1
ต้มจืด	1
ลิขสิทธิ์	1
เคล็ดลับ	1
ชาวเหนือ	1
ไตปลา	1
ทางใต้	1
ระรวย	1
ตามแบบฉบับ	1
ส้อม	1
แหวก	1
คลุ้ง	1
ติดต่อ	1
ซาร์	1
โอกาสพิเศษ	1
ราง	1
ลูกชุบ	1
กลีบ	1
ดวล	1
ธนาคารออมสิน	1
บ้านเมือง	1
ฉำ่	1
ร้้าน	1
โซล	1
่ยๆ	1
โอกาศ	1
คำเล่าลือ	1
ฝ่า	1
เลียนแบบ	1
ใบเมี่ยง	1
ตำหรับ	1
คำหวาน	1
อื้อ	1
จื่อเหลียง	1
สีลม	1
คลุกฝุ่น	1
ปิ	1
ซัส	1
สีม่วง	1
อัญ	1
ชัญ	1
แปล้	1
ยังะยั้ย	1
เซริ์ท	1
วป	1
กู๋	1
ดีดนิ้ว	1
ไว้หน้า	1
แบรน์	1
ห้างสรรพสินค้า	1
งิงิ	1
เฟร๊นฟ	1
ไน	1
ถึงไหนถึงกัน	1
กระชาก	1
หนำใจ	1
เย็นฉ่ำ	1
ฉาก	1
แกละ	1
ณรงค์	1
ชู	1
ใฝ่ฝัน	1
นักหนา	1
น้ำตา	1
สำรวจ	1
เล่นแร่แปรธาตุ	1
เพิ่มขนาด	1
แยมโรล	1
ชีวิตประจำวัน	1
ตูด	1
หมดอารมณ์	1
โอชา	1
บาบี	1
กรมปศุสัตว์	1
โทรศัพท์	1
มัด	1
แขนขา	1
ตื่น	1
ฮัก	1
นนทรี	1
ขลุ่ย	1
ปลั๊กไฟ	1
โน้ตบุ๊ค	1
จับเป็น	1
มะตูม	1
นึกไม่ออก	1
เนื้อใน	1
ข้อควรระวัง	1
บอบบาง	1
กระเด็น	1
ร๊า	1
ร๊าก	1
ชำระเงิน	1
เคาท์เตอร์	1
ๆกัล	1
คาร์ฟูร์	1
ขายดิบขายดี	1
ตามสบาย	1
จับจอง	1
มอคค่า	1
ถอด	1
ตามสมัยนิยม	1
สัม	1
หมดเขต	1
บาริสต้า	1
พรายกระซิบ	1
อาคม	1
จำเจ	1
ใบปลิว	1
ปรับเปลี่ยน	1
ความเหมาะสม	1
สังกัด	1
เละเทะ	1
ฟิตเนส	1
แมคโคร	1
วิศวกร	1
สถาปนิก	1
บริหาร	1
สิงห์บุรี	1
แมงดา	1
ติดปาก	1
แ่ซ่บ	1
อิ่มแปร้	1
น้ำข้าว	1
เล่ย์	1
ระแวง	1
ผุ	1
ไ้	1
ข้าวตังหน้าตั้ง	1
มัสมั่น	1
น้ำแร่	1
เป็นลม	1
เดต	1
สวีต	1
กระโปรง	1
กางเกงขาสั้น	1
บาด	1
ดึงดูดใจ	1
คัสตาร์ด	1
มีค่า	1
ข้อมูลทั่วไป	1
แขวง	1
รถประจำทาง	1
หมูแผ่น	1
อย่างไรก็ตาม	1
จับกัง	1
ออกความเห็น	1
ตรงไปตรงมา	1
คุณยาย	1
คนมีเงิน	1
ทิ้งขว้าง	1
ข้าราชการ	1
ดูถูก	1
ขอบคุณ	1
คาดเดา	1
ป้ายสี	1
งา่	1
ภาชนะ	1
สหาย	1
หอมกรุ่น	1
ที่แจ้ง	1
บริกร	1
ไม่ต้องการ	1
ซีเรียส	1
ที่เกิด	1
ความรัก	1
ความชื่นชอบ	1
หลงใหล	1
ปราณี	1
เม็ดทราย	1
เชียร	1
เด้ะๆ	1
แฟร์	1
ได้ความ	1
โกศล	1
เป็นจริง	1
ปีกไก่	1
เจี๊ยบ	1
เข็ด	1
เช็ง	1
ได้ราคา	1
สื่อสาร	1
ผ้าเย็น	1
ทำผิด	1
ิ๊อิ๊ว	1
เตี่ย	1
ล้อ	1
เชือก	1
กระสอบ	1
หยด	1
คี่	1
โหระพา	1
ราชบุรี	1
ประชุม	1
หาด	1
หมุนเวียน	1
ทาก	1
บๆ	1
เวียร์	1
ความน่าสนใจ	1
นิคม	1
หลบ	1
ความวุ่นวาย	1
จอแจ	1
โอ้โห	1
เพื่อนกิน	1
ตรงหน้า	1
แหล่	1
ปรกติ	1
งบ	1
ยวา	1
พีช	1
รูด	1
ตล์	1
นปู่	1
ลีลาศ	1
เน้	1
นุ่มม	1
กค	1
นัที่	1
ทั่วประเทศ	1
จั้ม	1
โบ้	1
รายได้	1
หายใจ	1
ควรจะเป็น	1
คุณย่า	1
ตะลอน	1
ต้มโคล้ง	1
คูหา	1
ขนุน	1
ทุเรียน	1
สต๊อค	1
ปีแสง	1
รวบรวม	1
จินตนาการ	1
สืบมา	1
แสดงนำ	1
จรุง	1
นวยนาด	1
วันหนึ่ง	1
ดับไฟ	1
กวนประสาท	1
ขวนขวาย	1
คดเคี้ยว	1
มั๊ง	1
แดก	1
ควาย	1
เรอะ	1
ถึงบางอ้อ	1
เปรี้ยวปาก	1
ที่ราบสูง	1
สลาย	1
ดั้ง	1
แหมะ	1
กรุบกริบ	1
ผี	1
ดลใจ	1
จาง	1
เคอะ	1
เอาเรื่อง	1
ทัศนา	1
เอิง	1
เว่อ	1
สกปรก	1
ติดอันดับ	1
เอียด	1
ดริงค์	1
ยับ	1
เป็นช่วงๆ	1
ตู้ปลา	1
คืิอ	1
โรงพยาบาลจักษุรัตนิน	1
มิสเตอร์	1
มีเสียง	1
ะะะะะะะะะะะะะะะะะะะะะะะะะะะะะะะะะะะะะะ	1
ทรมาน	1
หน้าบาน	1
ขุด	1
กรุ	1
บัญชี	1
ประทัง	1
จิตใจ	1
แอนตี้	1
ขี้	1
เลน	1
อาหารตา	1
เชิ้บๆ	1
แทง	1
้น	1
แม่น	1
มีสิทธิ์	1
สำรอก	1
ถั้า	1
นำโด่ง	1
พระรอง	1
เจ็ด	1
วีธี	1
นพ	1
สอน	1
แรกเริ่ม	1
พรุน	1
เป็นชิ้นเป็นอัน	1
แยกย่อย	1
คนเรา	1
บันเทิง	1
บุตรี	1
กรุงศรีอยุธยา	1
สเบอ	1
สีฉูดฉาด	1
เท่าๆกับ	1
เชยชม	1
เล็กพริกขี้หนู	1
หุหุ	1
อีหลี	1
น่าประทับใจ	1
โฉ่งฉ่าง	1
ประเด็น	1
ทำเลที่ตั้ง	1
ดาบ	1
กระบี่	1
โหยหิว	1
สัมพเว	1
อนุสาวรีย์ชัย	1
เตลิด	1
มุด	1
อุโมงค์	1
แ้ล้ว	1
วิภาวดี	1
ตัดหน้า	1
จาม	1
สาปแช่ง	1
นั่้่น	1
ดริ๊งค์	1
กลั้ว	1
อีตัว	1
งอม	1
ไำด้	1
ศัพท์	1
กระเดียด	1
แ่ผ่น	1
อู้	1
อ้า	1
อูม	1
งับ	1
บวม	1
คลัก	1
ชาติที่แล้ว	1
งอ	1
ไส้ติ่ง	1
เก้อ	1
จำนวนมาก	1
คว้า	1
บารผ์	1
บล็อค	1
เลย์	1
กระบอก	1
ไดฟุกุ	1
มิลค์	1
นมถั่วเหลือง	1
นขัต	1
ฤกษ์	1
รับสั่ง	1
เว็บไซต์	1
การสื่อสาร	1
ออนไลน์	1
ตอบรับ	1
ความพอดี	1
เป็นระเบียบ	1
เป็นชั้นๆ	1
ร้ก	1
แช่เย็น	1
สารกันบูด	1
ของขวัญ	1
คุ๊กกี้	1
คละ	1
นาว	1
เป็บๆ	1
งานเลี้ยง	1
มงคลสมรส	1
คุณตา	1
เอาละ	1
เจ้าเก่า	1
โรงยิม	1
ซ่อม	1
ปุ่น	1
เรียบๆ	1
รวมตัวกัน	1
ทร	1
ตามระเบียบ	1
แตะ	1
จมูก	1
จิ่ม	1
เกี่ยง	1
รัตนาธิเบศร์	1
ท่อง	1
ลู่	1
หมดเวลา	1
เอาแต่	1
ส่วย	1
ล็อบบี้	1
โฟร์ซีซั่นส์	1
งานเทศกาล	1
ระดับโลก	1
ทุกปี	1
เชิญ	1
ดชว์	1
หัวโต	1
ลงทุน	1
บาล	1
ความหยุ่น	1
เมล	1
รด	1
อธิบาย	1
เป็นเรื่อง	1
ท้าทาย	1
ประสบการณ์	1
เวิ้ง	1
กำนัน	1
แม้น	1
ยู่	1
มุ่ง	1
ร้านค้า	1
เยี่ยงอย่าง	1
อู้ฟู่	1
ดอกเห็ด	1
เป็นใจ	1
สึมๆ	1
ครวญคราง	1
โอย	1
สร่าง	1
ติ่ว	1
แต	1
เนาะ	1
เปรียบ	1
ี	1
พอที่จะ	1
ประสาท	1
เ้	1
ติ้ม	1
เนื้อร้าย	1
กรึ๊บ	1
ใบหน้า	1
โม่	1
อตก	1
สติ	1
เบลอ	1
กร่าง	1
ล้น	1
ที่พึ่ง	1
เนื้ออ่อน	1
กูด	1
น้ำดื่ม	1
น้ำอ้อย	1
สรรพาวุธ	1
มาร์ช	1
เถิบๆ	1
ขึ้นสาย	1
ติดอกติดใจ	1
พ่อครัว	1
แอคทีฟ	1
อร่าม	1
คอนเซปต์	1
ฟิวชั่นส์	1
การคุย	1
เมล็ด	1
เหมาะกัน	1
ระยะทาง	1
โห	1
นินทา	1
ต่อหน้า	1
ภาษาถิ่น	1
เวนเดอร์	1
โดยสรุป	1
สเป็ก	1
ล๊ก	1
คันทรี่	1
แน	1
มป	1
ไลม์	1
ไอซ์	1
ลนัทแฟลป	1
ร่ำรวย	1
คติ	1
เตือนใจ	1
พูดพล่าม	1
ร่วมใจ	1
ไม่เท่าไหร่	1
ได้ข่าว	1
มองโลกในแง่ดี	1
ไว้อาลัย	1
จำใจ	1
แง่ดี	1
กลบ	1
ตะขิดตะขวง	1
มีประสบการณ์	1
ผู้ประกาศข่าว	1
พยากรณ์อากาศ	1
เสี้ยว	1
ขนมไข่	1
ดีเจ	1
แมน	1
ผู้มีชื่อเสียง	1
กอด	1
ไร้ยางอาย	1
กิจกรรม	1
ตามรอย	1
แล็ต	1
บานา	1
แล๊ตเฟอ	1
แอ๊ปเปิ้ล	1
สีหน้า	1
เกียด	1
ตัวจริง	1
มหรรณ	1
ความร้อน	1
เข้าครัว	1
คล่อง	1
สปาเกตตี	1
ทั้นั้น	1
ห่อเหี่ยว	1
โหรงเหรง	1
ชี้	1
สตีม	1
น่าเกลียด	1
ตากสิน	1
เเชง	1
โรง	1
อิมพอร์ท	1
นมกล่อง	1
มีเงิน	1
หนักท้อง	1
บัล	1
บาดคอ	1
คอร์ส	1
สเตชั่น	1
จามจุรี	1
สแควร์	1
นังค์	1
ชะลอ	1
คิดมาก	1
ฆ่าเวลา	1
มานะ	1
เกี่ยว	1
สำเนียง	1
ยืด	1
ท๊อป	1
ก้สด	1
สุดท้ายนี้	1
อะโวคาโด	1
ร้อนที่	1
ระอุ	1
พอง	1
งค็อกๆ	1
โขง	1
เอาการ	1
ขั้นบันได	1
ตั่ง	1
อีเวนท์	1
แสดงผล	1
งานศิลปะ	1
เป็นระยะๆ	1
ตำรวจ	1
ใบสั่ง	1
เครียด	1
เหน็ดเหนื่อย	1
คลั่งไคล้	1
คิย	1
บบ	1
เบสิก	1
น่าใจหาย	1
แพร์	1
ซีรีส์	1
ได้ฤกษ์	1
วิเศษ	1
ติดกัน	1
วิลิศมาหรา	1
ฝูง	1
แทรกซึม	1
วสท์	1
ตะ	1
คนใต้	1
แครอต	1
เฮือก	1
แทนที่	1
ปิ้ล	1
มะกะโรนี	1
แน่ชัด	1
รง	1
ฟาสต์ฟู๊ด	1
ทริป	1
อุปการะ	1
อัดฉีด	1
พลุ้ย	1
ประโยชน์	1
ภาษาอังกฤษ	1
ประโยค	1
พิกล	1
ตั่้ง	1
พังงา	1
ค้นพบ	1
แขกบ้านแขกเมือง	1
ฺะ	1
สากล	1
พวกผม	1
หมายถึง	1
ลุ	1
ีกๆ	1
สสาร	1
รืน	1
ไส้พุง	1
ะะะะะะะะะะะะะะะะะะะะะะะะะะะะะะะะะะะะะะะะะะ	1
สมาธิ	1
ลดน้ำหนัก	1
รับปริญญา	1
ตายห่า	1
กรุงเทพมหานคร	1
น่าเศร้า	1
จัก	1
อารี	1
ีย์	1
กระฉ่อน	1
เล้กๆ	1
คู่แฝด	1
อย่างไรก็ดี	1
ระเกะระกะ	1
สัดส่วน	1
เอะอะ	1
ครึกครื้น	1
เครง	1
ไ่ป	1
พิลึก	1
เปรต	1
ดง	1
เชอร์รี่	1
เชอร์	1
แซม	1
นีึ้	1
ๆๆฮุๆๆฮี่ๆๆๆ	1
ดืบ	1
กดขี่	1
ช่างมัน	1
กรวย	1
ไบ	1
ตอง	1
คืนนี้	1
หยอก	1
เน่อ	1
เหนาะๆ	1
วิงเวียน	1
ถามหา	1
อัธ	1
หัวอก	1
เฮฮา	1
สำ	1
ึคัญ	1
พุง	1
ไม่ใช่อื่นไกล	1
เบอเกอร์	1
แชมเปี้ยน	1
อาหารประจำวัน	1
ผ้าคลุม	1
ฟิวชั่นฟู๊ด	1
เชื้อชาติ	1
ฝรั่เงศส	1
ฟี	1
หด	1
กำซาบ	1
เปรี๊ยะ	1
ลูกครึ่ง	1
ละม้าย	1
ความคล้าย	1
คำๆ	1
ตรุษจีน	1
สั่งจอง	1
กึ้น	1
ขะ	1
ความอยาก	1
ตอบสนอง	1
ในทันที	1
ลอยละล่อง	1
ต้นฉบับ	1
แน่แท้	1
กลับตัว	1
แฟนคลับ	1
ก๊าก	1
ซูฮก	1
เป็นสิบๆ	1
ปลูก	1
ทัศนศึกษา	1
รับรางวัล	1
เซียว	1
หน้าหนึ่ง	1
อิง	1
เอะใจ	1
แมลงวัน	1
ปัดๆ	1
พออาศัย	1
ชนชั้น	1
นอนขด	1
กระเบื้อง	1
พลี	1
เอื้ออาทร	1
ขึ้นต้น	1
นบ	1
บางส่วน	1
ดีเด่น	1
เครื่องบน	1
อิ่มๆ	1
หุ่นยนต์	1
สะเด็ด	1
รัต	1
พนักงานบริษัท	1
ตม	1
ศว	1
ปาน	1
เที่ยวงาน	1
กิ๊ฟท์	1
ก่อ	1
ฟอนท์	1
โยน	1
เจ้าพ่อ	1
เสือ	1
บาร์บี้	1
สายไหม	1
พาล	1
น้ำตาลก้อน	1
ฮังเล	1
หนุ่ม	1
ความเรียบ	1
โน้ต	1
บันได	1
สาน	1
ยกระดับ	1
ข้อแตกต่าง	1
น้ำหวาน	1
อ๊าาา	1
เสมือน	1
คำนึง	1
อันน้อย	1
ๆแตา	1
ความต้องการ	1
พันซ์	1
แล้ง	1
ฟู๊ดคอส	1
หยัด	1
คนซื้อ	1
ๆส	1
วันหลัง	1
เฟรนชายน์	1
เซ็ลทรัล	1
เวิลด์	1
พนัก	1
พนัง	1
ศิ	1
ชุดกันเปื้อน	1
บอกทาง	1
ขอทาง	1
คนดี	1
รถทัวร์	1
ๆจน	1
ลงรถ	1
คุณผู้ชาย	1
คุม	1
นีี้	1
แกรนด์	1
แนล	1
คูน้ำ	1
แกงเผ็ด	1
คูเมือง	1
ไพศาล	1
การไฟฟ้า	1
์ท	1
เกื้อหนุน	1
ขาดกัน	1
หุ้น	1
รวมตัว	1
วัยหนุ่มสาว	1
คำหยาบ	1
้ป็น	1
ต่อย	1
หน้าแหก	1
จักรยาน	1
ทางผ่าน	1
เติมน้ำมัน	1
เอ่ยปาก	1
เม้นท์	1
ซุ	1
บุก	1
เฟต์	1
แยกย้าย	1
อบอวล	1
มีต	1
ติ้ง	1
เป็นไง	1
ขอตัว	1
ก่วยเตี๋ยว	1
ฮอต	1
มัธยม	1
ทรัพ	1
ย่างกราย	1
หยัก	1
รอม	1
อณู	1
ทะแม่งๆ	1
ชอบกล	1
แคทเธอรีน	1
คัฟ	1
ทขอ	1
เครื่องเรือน	1
ชั้นดี	1
ช้ัน	1
ทบ	1
กระแทก	1
หันไป	1
เย้	1
โบนัส	1
เปรี๊ยวๆ	1
ความเหนียว	1
ชุ	1
ไหว้เจ้า	1
ตู้เย็น	1
สดำ	1
เหมี่ยน	1
ดังใจ	1
เทศ	1
กิ่ง	1
สระ	1
ว่าย	1
กาญจนาภิเษก	1
สมาคม	1
ชนนี	1
เนติบัณฑิตยสภา	1
เมล็ดข้าว	1
ดังต่อไปนี้	1
กรุ้มกริ่ม	1
กระทัดรัด	1
ต่อราคา	1
ปั้นหน้า	1
กินขาด	1
จำลอง	1
สุนทรีย์	1
ซีคอนสแควร์	1
ความลึก	1
ซีคอน	1
ประจำเดือน	1
ก๊วน	1
คอนเสิร์ต	1
เพลงลูกทุ่ง	1
ต่าย	1
เพ็ญ	1
พักตร์	1
หมูป่า	1
ว๊าก	1
น้พ	1
เจาะจง	1
ข้าวกลาง	1
ซิตี้	1
ลงมติ	1
ดม	1
ชั่นบน	1
พร้อมใจกัน	1
ถึงกระนั้น	1
แอบดู	1
ชุดนักเรียน	1
พาร์ทไทม์	1
สนับสนุน	1
ให้โอกาส	1
รายได้พิเศษ	1
เทวี	1
สัปปะ	1
จิ้มลิ้ม	1
ก็ช่าง	1
ตะหาก	1
ทางการ	1
ธรรม	1
จร	1
ตรี	1
หญฺิง	1
แต่งตัว	1
เพศชาย	1
ซุปเปอร์มาร์เก็ต	1
ี่	1
มีอายุ	1
ศิลปิน	1
สุ่ม	1
ทดสอบ	1
ริน	1
พล่า	1
ปุ้บ	1
ผู้หลักผู้ใหญ่	1
ดำเนินกิจการ	1
ร่	1
รู้	1
ท็อฟ	1
ฟี่	1
ใช	1
ตกค่ำ	1
เร้า	1
เลื้อย	1
หน้าที่	1
ขั้นดี	1
๋	1
ื้ง	1
ไปรษณีย์	1
บ่า	1
หนิ	1
มากมายก่ายกอง	1
ชืด	1
ถี่ถ้วน	1
ตรงกัน	1
มันแข็ง	1
เป๊ก	1
ตะไคร้หอม	1
เหมือนก่อน	1
เตาแก๊ส	1
รูปลักษณ์	1
ปุ่ย	1
ตลืญี่ปุ่น	1
โพธิ	1
โพ	1
แนือง	1
รู้กัน	1
แมค	1
เมีย	1
ไลท์	1
ดวงใจ	1
สมุทรสาคร	1
ถูกที่	1
โฮะ	1
กึ๋น	1
ขึ้นราคา	1
สิ้นคิด	1
ร็	1
คนวงใน	1
เปลี่ยนความคิด	1
จานชาม	1
ๆบน	1
หมุน	1
วส	1
พอน	1
สึ	1
ก่ี้	1
จับฉ่าย	1
สตรอเบอรี	1
เกก	1
ฮวย	1
พั้นช์	1
เวลาเปิด	1
เลท	1
คว่ำ	1
หมากรุก	1
ก้าว	1
ค้นหา	1
สีเข้ม	1
เจือจาง	1
สมบูรณ์	1
โอเอซิส	1
พัฒน	1
พระพรหม	1
มอเตอร์เวย์	1
ล่ง	1
เจี๊ยวจ๊าว	1
เน้นหนัก	1
การกดดัน	1
เป็นปัญหา	1
อดออม	1
พนักงานต้อนรับ	1
ไก่บ้าน	1
กระวาน	1
ไม่เชิง	1
ชะมวง	1
วอลเปเปอร์	1
ลายเส้น	1
กรงนก	1
ประดับประดา	1
หมอนอิง	1
สตรอว์เบอร์รี่	1
จับใจ	1
ทางแยก	1
ยันฮี	1
ก่อสร้าง	1
โผล่	1
บัตเตอร์	1
ถั่วลิสง	1
กินหลัง	1
มอลต์	1
กู้	1
ดมอร์	1
ประกบ	1
ยกพื้น	1
อาณาบริเวณ	1
เป็นพื้น	1
ศลปิน	1
เจิรญ	1
ข่าวสาร	1
แว่น	1
ท่าทาง	1
นาม	1
โฮเทล	1
เปซ์	1
โคร่ง	1
สาระ	1
น่	1
มะม่วงหิมพานต์	1
ตต้า	1
ชบราวน์	1
แพน	1
สระว่ายน้ำ	1
สงกรานต์	1
เยาว์	1
ฟถึม	1
ผู้บริหาร	1
เลื่องชื่อ	1
ตลาดนัด	1
น่าดู	1
ล้อเล่น	1
ชัก	1
ดอกไม้จีน	1
ศักดิ์	1
มูล	1
ปั๊มน้ำมัน	1
หลักเมือง	1
สฤ	1
เดช	1
เน๊	1
เเถว	1
ตีน	1
สงฆ์	1
มงกุฎ	1
น่ัน	1
ความเก่า	1
น่ัง	1
เปล่ียน	1
เนม	1
ซ่ึง	1
ความสวยงาม	1
ทุม	1
คู่บ้านคู่เมือง	1
มุมมอง	1
เบือนหน้า	1
ซือ้	1
หารู้ไม่	1
ปวยเล้ง	1
บู่	1
อิ้ว	1
คนจีน	1
เยิน	1
กวาด	1
แก้ตัว	1
ขนมผักกาด	1
เต้า	1
จาร	1
ฟล	1
ด้า	1
พญาไทย	1
วรรณ	1
สรณ์	1
ติว	1
ให้น้ำ	1
โชย	1
ห้ามใจ	1
เหนี่ยว	1
เงียบเหงา	1
นำทาง	1
เข้าใจง่าย	1
กระทบ	1
ิด	1
พรีเมี่ยม	1
ขวัญใจ	1
ดังที่	1
น้ำลาย	1
หนองคาย	1
ส่ะ	1
ชายเล	1
โน้น	1
โอ่โถง	1
ทำดี	1
ฮี่ๆ	1
รู้จำ	1
ยยยยยย	1
เว้น	1
นนน	1
สามโลก	1
ฟ้ามุ่ย	1
ดุกทะเล	1
ไฮเนเก้น	1
แคลิฟอร์เนีย	1
โว	1
โด	1
เปรม	1
แมส	1
คอมพ์	1
ชำนาญ	1
กอง	1
ปลอบใจ	1
ตื่นตระหนก	1
ล้างจาน	1
อินเทรนด์	1
จุกคอ	1
คพ	1
สาวน้อย	1
ใจอ่อน	1
กิง	1
อิก	1
น้ะ	1
เฮ้ว	1
ซึ่งหน้า	1
สเต้ก	1
พิสดาร	1
แป๊ป	1
ราชการ	1
ลัย	1
ๆอศ	1
ตามลำดับ	1
ลำไย	1
สว่างจ้า	1
จานรอง	1
สตู	1
คนแก่	1
เปาะ	1
เปี้ยะสด	1
กิตติศัพท์	1
สอย	1
ขึ้นเขียง	1
ปลอดภัย	1
ใก่	1
เสียเที่ยว	1
ลอน	1
ที่ซู้ด	1
ตุรกี	1
แยกเขี้ยว	1
ทิช	1
ชู่	1
กินสั่ง	1
โดด	1
ห้่า	1
ตีสาม	1
รอย	1
ตะเกียง	1
แอล	1
กอ	1
ฮอล	1
เนื้่อ	1
ลูกเต๋า	1
เชง	1
ไฮไลต์	1
รู้แล้วรู้รอด	1
ใป	1
กะเหรี่ยง	1
ช็อต	1
ราวกับว่า	1
่า	1
น้องใหม่	1
ทงคัสสึ	1
แนน	1
หลงรัก	1
นางาซากิ	1
บึ้ม	1
คร	1
ถูกกัน	1
เทียบเท่า	1
น่ิม	1
ก๊	1
ภัต	1
ทำใจ	1
ตระ	1
เวณ	1
ฮิลตัน	1
อยู่กิน	1
ิวฟิน	1
ไม่ต้องสงสัย	1
ดุด	1
เข้าให้	1
มหาวิทยาลัย	1
วิลท์	1
อาชีพ	1
พักกลางวัน	1
ด้ว	1
ช่ื่อ	1
ลุ่ม	1
มือใหม่	1
ช่ือ	1
เน่ีย	1
วสี	1
เมษายน	1
วัชร	1
วลี	1
ติดธุระ	1
มบับ	1
มหด	1
หนังตะลุง	1
แร็ง	1
เอ๊	1
ชาวบ้าน	1
ความหลากหลาย	1
คๆ	1
แชมเปญ	1
ดาร์ค	1
ยากจน	1
เป็นผง	1
ใส่ไส้	1
เป๊าะ	1
นับวัน	1
จี๊ด	1
รู้ตัว	1
ของเก่า	1
ปากจัด	1
ง้อ	1
ข้อหา	1
ตำแหน่ง	1
ทอดตัว	1
ฮ้อ	1
จ้อ	1
พิธีรีตอง	1
ต้นอ่อน	1
ทานตะวัน	1
ตรบ	1
ๆชม	1
เข้าตัว	1
สนิทใจ	1
เปื้อย	1
ก๋วย	1
สำเร็จ	1
กระด้าง	1
ความเค็ม	1
เห่อ	1
ชิงชนะเลิศ	1
กเสริ์ฟ	1
ทั้งหลายแหล่	1
เสื้อกล้าม	1
กางเกง	1
รัดรูป	1
เซ็กซี่	1
อัพเดต	1
เฟรนฟรายซ์	1
ตากลับ	1
รังไข่	1
ฟุ่ง	1
ญุี่ปุ่น	1
ทุกคืน	1
เก่	1
หมวย	1
อัสสัม	1
ขอน	1
ราญ	1
นอกใจ	1
รีส์	1
เศษ	1
ยิ่นๆ	1
ข่ง	1
มีข้อแม้	1
ถา	1
เต็มปากเต็มคำ	1
เนื้อๆ	1
หนับ	1
ติชม	1
งานบุญ	1
ต้นไทร	1
ๆลม	1
ปก	1
เส้้น	1
ช้างเผือก	1
มือเย็น	1
บอกเล่า	1
พาณิชย์	1
กินไม่ลง	1
มัง	1
จี๊น	1
ซัวเถา	1
ภาษาจีน	1
ซกมก	1
ไช้	1
ดี๊	1
ท้ั้ง	1
เช็กบิล	1
คิดแพง	1
จรัญ	1
วันสำคัญ	1
สนุกสนาน	1
แต่ละครั้ง	1
อับ	1
ตรับ	1
ใจหาย	1
แกว	1
ความหนืด	1
โรงงาน	1
เยี่ยมเยียน	1
บ่ายหน้า	1
ตีเข่า	1
ฉาด	1
อ้าย	1
ฟาย	1
เอ๋ย	1
เมิง	1
นานมาแล้ว	1
กระโดด	1
คร่อม	1
อดอยาก	1
ดๆ	1
กากหมู	1
เป้ง	1
โอ๊ย	1
ช้วน	1
ไข่ทอด	1
ข่า	1
เต็มเปี่ยม	1
ลอด	1
ขนาน	1
เตรียมตัว	1
หมู่คณะ	1
แยกจาก	1
มิดชิด	1
ส่้วน	1
การนำ	1
เดิมที	1
เซอร์ไพรซ์	1
กะเพรา	1
การปรุงอาหาร	1
สิงค์โปร์	1
แม้แต่น้อย	1
ป่น	1
เป็นได้	1
เงินสด	1
บัตรเครดิต	1
ต้อย	1
กอบ	1
โดยที่	1
ญ่	1
โดยเฉพาะอย่างยิ่ง	1
อิมแพค	1
นอร์เวย์	1
ข้าวแตก	1
ขัดแย้ง	1
ความขัดแย้ง	1
ของเคียง	1
ร่าย	1
บังคับ	1
เทใจ	1
แปรรูป	1
สิทธิ์	1
คนเก่าคนแก่	1
ขนัด	1
ส์	1
ออกรส	1
ถัด	1
กาง	1
บาทวิถี	1
เยาว	1
ข	1
มาร	1
กินลมชมวิว	1
ชิลล์เอ้าท์	1
ทวีวัฒนา	1
เวลาย่ำค่ำ	1
อำพราง	1
รวดเร็วทันใจ	1
เเนว	1
ชะมัด	1
ร้านเบเกอรี่	1
อื้อหือ	1
เนื้อหนัง	1
เลิฟ	1
ทะลัก	1
ทะลาย	1
ค่่ะ	1
นข	1
ตรงดิ่ง	1
ที่เก็บ	1
เหน่ง	1
ขนาดที่	1
เฮ้อ	1
ริก	1
โป้	1
คนใช้	1
รพ	1
ศรีราชา	1
วันพระ	1
เข้าข้าง	1
ตะหงิด	1
ลงความเห็น	1
ขึ้นกับ	1
กั๊ก	1
เหนียง	1
ยาน	1
ความรู้	1
วิชา	1
รับรู้	1
เฟรนช์	1
มาดา	1
ป่ะ	1
สมัคร	1
ซับซ้อน	1
ฟเฟ่ส์	1
สั่งสินค้า	1
ก่ะ	1
เกิ๊น	1
ออสซี่	1
เขาใหญ่	1
กรอบหน้า	1
เดท	1
ข้	1
แห้	1
เผาะ	1
การอัญเชิญ	1
สารีริกธาตุ	1
ประดิษฐาน	1
พุทธศาสนิกชน	1
เคารพ	1
สักการะ	1
ทางหัว	1
ลำโพง	1
บวร	1
อบอ้าว	1
เพดาน	1
โต๊ะแชร์	1
เปี่ยม	1
กห	1
ลย	1
ประสพ	1
ประกัน	1
เม้าส์	1
หัวหน้า	1
ย่ิง	1
ท้องฟ้า	1
ตึกสูง	1
ม่านบังแดด	1
พอใจ	1
สะกิด	1
ง่ายดาย	1
เปลี่ยนสี	1
มีโอ	1
สมาทาน	1
คุณภาพต่ำ	1
ชำเลือง	1
กลุ้ม	1
ตุ๊	1
นมะ	1
ปลาตะเพียน	1
เสี่ยง	1
เบาบาง	1
คนรับ	1
ก้าน	1
ค้ะ	1
นัำ	1
สนะ	1
เชล	1
รสเค็ม	1
นน	1
แบบอย่าง	1
รล	1
อรูป	1
ได้โอกาส	1
ชิ้ม	1
กุ้งก้ามกราม	1
กลวง	1
เค๊กสตรอว์เบอ	1
รอว์เบอ	1
แตก็ยัง	1
สมควร	1
รับงาน	1
ครูใหญ่	1
ผืน	1
รื่นย์	1
สุคนธ	1
สวัสดิ์	1
นามบัตร	1
ชื่่อ	1
ษณะ	1
เบอรืรี่	1
แร	1
กำ	1
แว้บ	1
กลืน	1
งุ่น	1
ว่	1
น้องสาว	1
เลือกไม่ได้	1
แหะ	1
ฉัตร	1
ชัย	1
้ๆ	1
ไฉไล	1
ในไส้	1
เรียกเก็บเงิน	1
ยำ้	1
กล้วยบวชชี	1
มุมถนน	1
ลูกมือ	1
เนือ	1
นีขอ	1
ฝา	1
รสนิยม	1
แจม	1
นุ่	1
มลิ้น	1
ไ่าง	1
มีระดับ	1
เนีย	1
กะหล่ำปลี	1
ความเอาใจใส่	1
มาณพ	1
นง	1
ตัทสึ	1
ตระเวน	1
ร้านขายเครื่องดื่ม	1
ศค	1
การปรับพื้น	1
ก้น	1
เมล์	1
ความขม	1
เป็นสัดเป็นส่วน	1
น้ำดี	1
ใช้เนื้อ	1
ลงเรือ	1
เบบๆ	1
กุ้งสด	1
ลูกเจี๊ยบ	1
ลูกกรุง	1
ลูกทุ่ง	1
ลงมือทำ	1
ชอง	1
ลูกเล่น	1
ไห้	1
อัตโนมัติ	1
หายหน้า	1
เฟต	1
ง้ั้น	1
แฟรนไชส์	1
อมร	1
พันธ์	1
เพื่อนสนิท	1
ตัวยง	1
อิจฉา	1
หาทาง	1
พิสูจน์	1
เจ้าสาว	1
เพี้ยน	1
นยักษ์	1
ถึงขั้น	1
กระเสือกกระสน	1
ล้ำ	1
อู๊วววว	1
พระรามหก	1
กราบ	1
คำพูด	1
มีความรู้สึก	1
แฟชั่น	1
ไอซ์แลนด์	1
ถะ	1
แว่บ	1
จ่า	1
ลวกๆ	1
ประเมิน	1
หุ่น	1
นางงาม	1
อนาคต	1
แฟ่	1
ชมพู	1
ฟิว	1
ดาด	1
แม่เจ้า	1
บร๊า	1
บร๋า	1
ผัน	1
อักษร	1
เฉียบ	1
ประมวลผล	1
สมอง	1
เล็งเห็น	1
แมร่ง	1
เป็นแน่แท้	1
เสมา	1
ชั้นเลิศ	1
ปฎิ	1
ธ	1
เซอร์	1
ลอยด์	1
ดาดๆ	1
เฉียด	1
พืด	1
กระจอก	1
ปฏิเสธ	1
เสมอๆ	1
ยำเกรง	1
นับไม่ถ้วน	1
สรรหา	1
หลาน	1
อืด	1
พิสมัย	1
หน่วย	1
วุฒิภาวะ	1
มันสมอง	1
ฉิบหาย	1
เบนส์	1
เทียง	1
รุ่ย	1
ลดทอน	1
ซบเซา	1
กลิ้ง	1
คนละเรื่อง	1
ตาลาย	1
ลืมตัว	1
พลาง	1
กระป๋อง	1
การจราจร	1
สมัน	1
สมา	1
เลมอน	1
ยอบ	1
สดี	1
ติ๊ดเดียว	1
เหี่ยว	1
เฉา	1
ฮัง	1
ซุย	1
ตัดกำลัง	1
ใกล้ชิด	1
ฟีดแบ็ค	1
คนอื่นๆ	1
ละลานตา	1
ก่อนอื่น	1
วี๊ดว๊าย	1
กระทืบ	1
ัา	1
วิ่งเล่น	1
โครมคราม	1
สังคม	1
ลูกหลาน	1
นิสัย	1
ตักเตือน	1
ทางสังคม	1
เมืองนอก	1
ปฏิ	1
บัต	1
อะลุ่มอล่วย	1
เคราะ	1
การแก้ปัญหา	1
เข้าข่าย	1
การอบรม	1
ผลิตภัณฑ์	1
ผงซักฟอก	1
เปาบุ้นจิ้น	1
คิก	1
ปู้	1
กางเกงใน	1
สมัยโบราณ	1
ออเดิร์ฟ	1
สังกะสี	1
ยุ่ย	1
ข้าวแช่	1
ภู	1
มินท์	1
มีระบบ	1
ความผิดพลาด	1
ใต้โต๊ะ	1
เม่ือ	1
หม่ี	1
ทงโค๊ะสึ	1
หนาน	1
หยวน	1
ๆรส	1
สายหยุด	1
คึก	1
ครื้น	1
ติดไฟ	1
นีออน	1
ระดม	1
วอ	1
สม่ำเสมอ	1
จัดส่ง	1
ล่าง	1
ลาง	1
ปันส่วน	1
การฝาก	1
เป็นล่ำเป็นสัน	1
คั้น	1
สังเคราะห์	1
สะพานลอย	1
มี่	1
อร่ย	1
ๆยิดๆ	1
รา้น	1
ม่ี	1
วุ้น	1
หร่อย	1
หน้าม้า	1
เบ้อเร่อ	1
ที่ไหนๆ	1
ปุ่น	1
อ้ะๆ	1
น้ำแข็งแห้ง	1
แพ	1
ก่่่อน	1
วัตถุ	1
ดิบดี	1
กินลม	1
ราชา	1
ยาวเหยียด	1
แปลกตา	1
อ๊ะ	1
มด	1
การกีฬาแห่งประเทศไทย	1
การกีฬา	1
โอฬาร	1
ไส้ตัน	1
เอารส	1
อาจาด	1
ดสด	1
ขึ้นฝั่ง	1
อันเดอร์	1
โม้ด	1
ดดด	1
ความดี	1
ท้ายที่สุด	1
ด้วยประการทั้งปวง	1
นอกเรื่อง	1
ความเข้าใจ	1
กรดไขมัน	1
ถ	1
ลรอ	1
งานวิจัย	1
กรมวิชาการเกษตร	1
สัตว์	1
แซงคิว	1
เมื่อกี้	1
เถียง	1
เฮ่อ	1
ตั้	1
มู้ด	1
ตั้งแต่แรก	1
ปอก	1
แต่แรก	1
มัค	1
คี	1
บั้ก	1
เฟค	1
ทราย	1
อื้อฮือ	1
น้ำลายไหล	1
ประจวบฯ	1
นี๊ส	1
าาาา	1
สุนีย์	1
ร๊ากกก	1
พระนคร	1
ชุมชน	1
ผิดนัก	1
ศาลาว่าการกรุงเทพมหานคร	1
ชิ้ย	1
จิ๊ดๆ	1
ชาร์ต	1
สเปเชี่ยล	1
แมงกะพรุน	1
มีเดียม	1
ยุ่น	1
ซ่อนตัว	1
อะไหล่	1
หริ	1
เนื้อเค็ม	1
หลงเสน่ห์	1
สุนทรียภาพ	1
คลา	1
ครุ่น	1
ท้องถนน	1
ไชน่า	1
แนก	1
แาะ	1
หลุยส์	1
เช่ือ	1
สารพัด	1
ียว	1
ือ	1
าาก	1
หร่ี	1
น่ี	1
กฏ	1
กติกา	1
ดื้อ	1
ตีสอง	1
รถไฟ	1
โดยส่วนมาก	1
สมู๊ตตี้	1
ว่องไว	1
ฉ	1
มั่น	1
ดี่	1
มหิดล	1
คนเลี้ยง	1
เป็นปกติ	1
สูสี	1
ครั้งสุดท้าย	1
แถวหน้า	1
ค้น	1
ัว	1
แฟ	1
รงค์	1
ป๊อป	1
เมกกะ	1
หมายเหตุ	1
เคยชิน	1
บันทึก	1
รัม	1
ลูกเกด	1
เปิดเทอม	1
ให้ราคา	1
หมดตัว	1
ขั้นตอน	1
มท	1
ต้อน	1
ยอมให้	1
ว่ะ	1
เย็นชืด	1
ดังเดิม	1
เข้าหน้า	1
มันปู	1
รร	1
พระอาทิตย์	1
ค้อน	1
แนบ	1
หาสน์	1
ผนวก	1
ฮ่ะ	1
โดยปกติ	1
เตี๋ยว	1
ย้ายบ้าน	1
แนพ	1
นั้งรอ	1
สุดประมาณ	1
พาดพิง	1
ไม่เลย	1
แก๊ซ	1
เจ้ากรรม	1
จ้องมอง	1
ของร้อน	1
เพื่อนร่วมชั้น	1
ปริญญาโท	1
เนี๊ย	1
เบ้อเริ่ม	1
ปิ๊ก	1
นิค	1
เอน	1
ดอกบัว	1
ร่ำ	1
เทคนิค	1
ชึ้น	1
ทีละน้อยๆ	1
แอบมอง	1
ฮี้	1
สร้อย	1
ภัตร	1
หมั่น	1
ตระกูล	1
นึ้ง	1
จากกัน	1
เจริญอาหาร	1
คิดราคา	1
กะดี	1
เลยตามเลย	1
คอด	1
โอสถศาลา	1
กินเวลา	1
เนื้้อ	1
ซื้ิอ	1
โฟม	1
ของเล่น	1
วัยเด็ก	1
ลิต	1
เติล	1
จำเลย	1
กระทา	1
ปุ	1
ระมา	1
นิ๊ดส์ๆ	1
คะแนนเต็ม	1
เงินเก็บ	1
กินรังแตน	1
ห้วน	1
กระแทกเสียง	1
โชคไม่ดี	1
บูด	1
ติดลบ	1
หนู	1
ได๋	1
แปลกที่	1
แหลม	1
แหล่งกำเนิด	1
จับกลุ่ม	1
ตจ	1
ริวกิว	1
ไฟแรง	1
เปลว	1
โคเลสเตอรอล	1
งๆ	1
หัวมัน	1
คนเมือง	1
รอยัล	1
โจทย์	1
ลอบมอง	1
สบโอกาส	1
จังหวะ	1
บางตา	1
แววตา	1
สงคราม	1
สาหัส	1
หมาด	1
พริบตา	1
พูดตรงๆ	1
สนทนา	1
ไนท์	1
อร่งย	1
มั้น	1
เำพ	1
ค่าครองชีพ	1
ตบ	1
ท้ลย	1
ยกเลิก	1
ไข้หวัด	1
ระบาด	1
ลมตก	1
ตกปลา	1
สวาย	1
แสงจันทร์	1
เมื่อเดือนที่แล้ว	1
ปรับราคา	1
ศิลปากร	1
ชยา	1
ทิพย์	1
เคียงคู่	1
ทรงกลม	1
เสียที่	1
ขยัน	1
เขิน	1
ข่้าว	1
เปนคน	1
มะลิ	1
ตะละ	1
เลิกเรียน	1
ขั่น	1
หมดหนทาง	1
เพลงสากล	1
ตัดสินใจ	1
สาธร	1
กาญจนา	1
ฮอยจ๊อ	1
ฮื้อ	1
เจี๋ยน	1
ก๊รย	1
สมูท	1
โน่น	1
ข้ามหัว	1
มีความรู้	1
บุคลิกภาพ	1
ฝึกงาน	1
ผุด	1
ฟดริ๊งค์	1
สมูธ	1
ตี้	1
แยกตัว	1
คล่องตัว	1
เลี่ยง	1
ด้วยมือ	1
ต่่อ	1
กุ๋ย	1
เจ้าภาพ	1
เดิฟ	1
จ้ิม	1
เปร่ี้ยว	1
ฉุย	1
เหนียวหนืด	1
บิ๊ว	1
ตู่	1
ผักเสี้ยน	1
บันไดเลื่อน	1
เ้วย	1
อิธิพล	1
รูปวาด	1
กรอก	1
ปรัชญา	1
ทาวน์	1
นิวาส	1
ม้านั่งยาว	1
ชด	1
ซ่าร์	1
รู้ใจ	1
อาเสี่ย	1
อวดรวย	1
โลว์	1
ชอบใจ	1
ซ้อน	1
เข้าคิว	1
เสด	1
ก่อให้เกิด	1
ออน	1
จำความได้	1
นนิดส์	1
นุง	1
วิจัย	1
ยึด	1
สัมปทาน	1
อันตราย	1
ม่าย	1
กล้อมแกล้ม	1
บย	1
แมะ	1
เนี่่ย	1
หลับหูหลับตา	1
กาน	1
นอนหลับ	1
สอบ	1
ทะเลทราย	1
สอบตก	1
แก่ๆ	1
ี่๋ยว	1
ก๊วยเตี๋ยว	1
ล๊อบ	1
เปอร์	1
หวิวๆ	1
กระเป๋าเบา	1
ภู่	1
ที่ไหนได้	1
รูปปั้น	1
ศิลปะ	1
กาล	1
สวนดอกไม้	1
น้ำพุ	1
เต็มยศ	1
สุทธิ	1
ลงท้าย	1
มีทาง	1
เศร้าใจ	1
สุโขทัย	1
ปัก	1
